Cantidad JH/ton,,,,,,,,,,,,,,,,,,,,,,,,,,,,,,,,,,,,,,,,,,,,,,,,,,,,,,,,,,,,,,,,,,,,,,,,,,,,,,,,,,,,,,,,,,,,,,,,,,,
Scenario: Reference,,,,,,,,,,,,,,,,,,,,,,,,,,,,,,,,,,,,,,,,,,,,,,,,,,,,,,,,,,,,,,,,,,,,,,,,,,,,,,,,,,,,,,,,,,,,,,,,,,,
JH per TON,,,,,,,,,,,,,,,,,,,,,,,,,,,,,,,,,,,,,,,,,,,,,,,,,,,,,,,,,,,,,,,,,,,,,,,,,,,,,,,,,,,,,,,,,,,,,,,,,,,
Branch,Agricola_ZR02_P01\Cultivos Anuales\Cereales,Agricola_ZR02_P01\Cultivos Anuales\Forrajeras,Agricola_ZR02_P01\Cultivos Anuales\Hortalizas,Agricola_ZR02_P01\Cultivos Anuales\LeguminosasTuberculos,Agricola_ZR02_P01\Frutales\Caducifolios\Goteo,Agricola_ZR02_P01\Frutales\Caducifolios\Microaspersion,Agricola_ZR02_P01\Frutales\Citricos,Agricola_ZR02_P01\Frutales\Paltos\Goteo,Agricola_ZR02_P01\Frutales\Paltos\Microaspersion,Agricola_ZR05_L01\Cultivos Anuales\Cereales,Agricola_ZR05_L01\Cultivos Anuales\Forrajeras,Agricola_ZR05_L01\Cultivos Anuales\Hortalizas,Agricola_ZR05_L01\Cultivos Anuales\LeguminosasTuberculos,Agricola_ZR05_L01\Frutales\Caducifolios\Goteo,Agricola_ZR05_L01\Frutales\Caducifolios\Microaspersion,Agricola_ZR05_L01\Frutales\Citricos,Agricola_ZR05_L01\Frutales\Paltos\Goteo,Agricola_ZR05_L01\Frutales\Paltos\Microaspersion,Agricola_ZR05_P02\Cultivos Anuales\Cereales,Agricola_ZR05_P02\Cultivos Anuales\Forrajeras,Agricola_ZR05_P02\Cultivos Anuales\Hortalizas,Agricola_ZR05_P02\Cultivos Anuales\LeguminosasTuberculos,Agricola_ZR05_P02\Frutales\Caducifolios\Goteo,Agricola_ZR05_P02\Frutales\Caducifolios\Microaspersion,Agricola_ZR05_P02\Frutales\Citricos,Agricola_ZR05_P02\Frutales\Paltos\Goteo,Agricola_ZR05_P02\Frutales\Paltos\Microaspersion,Agricola_ZR06_L02\Cultivos Anuales\Cereales,Agricola_ZR06_L02\Cultivos Anuales\Forrajeras,Agricola_ZR06_L02\Cultivos Anuales\Hortalizas,Agricola_ZR06_L02\Cultivos Anuales\LeguminosasTuberculos,Agricola_ZR06_L02\Frutales\Caducifolios\Goteo,Agricola_ZR06_L02\Frutales\Caducifolios\Microaspersion,Agricola_ZR06_L02\Frutales\Citricos,Agricola_ZR06_L02\Frutales\Paltos\Goteo,Agricola_ZR06_L02\Frutales\Paltos\Microaspersion,Agricola_ZR06_P03\Cultivos Anuales\Cereales,Agricola_ZR06_P03\Cultivos Anuales\Forrajeras,Agricola_ZR06_P03\Cultivos Anuales\Hortalizas,Agricola_ZR06_P03\Cultivos Anuales\LeguminosasTuberculos,Agricola_ZR06_P03\Frutales\Caducifolios\Goteo,Agricola_ZR06_P03\Frutales\Caducifolios\Microaspersion,Agricola_ZR06_P03\Frutales\Citricos,Agricola_ZR06_P03\Frutales\Paltos\Goteo,Agricola_ZR06_P03\Frutales\Paltos\Microaspersion,Agricola_ZR07_L05\Cultivos Anuales\Cereales,Agricola_ZR07_L05\Cultivos Anuales\Forrajeras,Agricola_ZR07_L05\Cultivos Anuales\Hortalizas,Agricola_ZR07_L05\Cultivos Anuales\LeguminosasTuberculos,Agricola_ZR07_L05\Frutales\Caducifolios\Goteo,Agricola_ZR07_L05\Frutales\Caducifolios\Microaspersion,Agricola_ZR07_L05\Frutales\Citricos,Agricola_ZR07_L05\Frutales\Paltos\Goteo,Agricola_ZR07_L05\Frutales\Paltos\Microaspersion,Agricola_ZR07_P07\Cultivos Anuales\Cereales,Agricola_ZR07_P07\Cultivos Anuales\Forrajeras,Agricola_ZR07_P07\Cultivos Anuales\Hortalizas,Agricola_ZR07_P07\Cultivos Anuales\LeguminosasTuberculos,Agricola_ZR07_P07\Frutales\Caducifolios\Goteo,Agricola_ZR07_P07\Frutales\Caducifolios\Microaspersion,Agricola_ZR07_P07\Frutales\Citricos,Agricola_ZR07_P07\Frutales\Paltos\Goteo,Agricola_ZR07_P07\Frutales\Paltos\Microaspersion,Agricola_ZR08_L06\Cultivos Anuales\Cereales,Agricola_ZR08_L06\Cultivos Anuales\Forrajeras,Agricola_ZR08_L06\Cultivos Anuales\Hortalizas,Agricola_ZR08_L06\Cultivos Anuales\LeguminosasTuberculos,Agricola_ZR08_L06\Frutales\Caducifolios\Goteo,Agricola_ZR08_L06\Frutales\Caducifolios\Microaspersion,Agricola_ZR08_L06\Frutales\Citricos,Agricola_ZR08_L06\Frutales\Paltos\Goteo,Agricola_ZR08_L06\Frutales\Paltos\Microaspersion,Agricola_ZR08_P08\Cultivos Anuales\Cereales,Agricola_ZR08_P08\Cultivos Anuales\Forrajeras,Agricola_ZR08_P08\Cultivos Anuales\Hortalizas,Agricola_ZR08_P08\Cultivos Anuales\LeguminosasTuberculos,Agricola_ZR08_P08\Frutales\Caducifolios\Goteo,Agricola_ZR08_P08\Frutales\Caducifolios\Microaspersion,Agricola_ZR08_P08\Frutales\Citricos,Agricola_ZR08_P08\Frutales\Paltos\Goteo,Agricola_ZR08_P08\Frutales\Paltos\Microaspersion,Agricola_ZR09_L09\Cultivos Anuales\Cereales,Agricola_ZR09_L09\Cultivos Anuales\Forrajeras,Agricola_ZR09_L09\Cultivos Anuales\Hortalizas,Agricola_ZR09_L09\Cultivos Anuales\LeguminosasTuberculos,Agricola_ZR09_L09\Frutales\Caducifolios\Goteo,Agricola_ZR09_L09\Frutales\Caducifolios\Microaspersion,Agricola_ZR09_L09\Frutales\Citricos,Agricola_ZR09_L09\Frutales\Paltos\Goteo,Agricola_ZR09_L09\Frutales\Paltos\Microaspersion,Agricola_ZR10_L10_L12\Cultivos Anuales\Cereales,Agricola_ZR10_L10_L12\Cultivos Anuales\Forrajeras,Agricola_ZR10_L10_L12\Cultivos Anuales\Hortalizas,Agricola_ZR10_L10_L12\Cultivos Anuales\LeguminosasTuberculos,Agricola_ZR10_L10_L12\Frutales\Caducifolios\Goteo,Agricola_ZR10_L10_L12\Frutales\Caducifolios\Microaspersion,Agricola_ZR10_L10_L12\Frutales\Citricos,Agricola_ZR10_L10_L12\Frutales\Paltos\Goteo,Agricola_ZR10_L10_L12\Frutales\Paltos\Microaspersion
2015,0,0.2143,0.1333,0.6818,13.6364,13.6364,1.6667,2.5,2.5,0,0.2143,0.1333,0.6818,13.6364,13.6364,1.6667,2.5,2.5,0,0.2143,0.1333,0.6818,13.6364,13.6364,1.6667,2.5,2.5,0,0.2143,0.1333,0.6818,13.6364,13.6364,1.6667,2.5,2.5,0,0.2143,0.1333,0.6818,13.6364,13.6364,1.6667,2.5,2.5,0,0.2143,0.1333,0.6818,13.6364,13.6364,1.6667,2.5,2.5,0,0.2143,0.1333,0.6818,13.6364,13.6364,1.6667,2.5,2.5,0,0.2143,0.1333,0.6818,13.6364,13.6364,1.6667,2.5,2.5,0,0.2143,0.1333,0.6818,13.6364,13.6364,1.6667,2.5,2.5,0,0.2143,0.1333,0.6818,13.6364,13.6364,1.6667,2.5,2.5,0,0.2143,0.1333,0.6818,13.6364,13.6364,1.6667,2.5,2.5
2016,0,0.2143,0.1333,0.6818,13.6364,13.6364,1.6667,2.5,2.5,0,0.2143,0.1333,0.6818,13.6364,13.6364,1.6667,2.5,2.5,0,0.2143,0.1333,0.6818,13.6364,13.6364,1.6667,2.5,2.5,0,0.2143,0.1333,0.6818,13.6364,13.6364,1.6667,2.5,2.5,0,0.2143,0.1333,0.6818,13.6364,13.6364,1.6667,2.5,2.5,0,0.2143,0.1333,0.6818,13.6364,13.6364,1.6667,2.5,2.5,0,0.2143,0.1333,0.6818,13.6364,13.6364,1.6667,2.5,2.5,0,0.2143,0.1333,0.6818,13.6364,13.6364,1.6667,2.5,2.5,0,0.2143,0.1333,0.6818,13.6364,13.6364,1.6667,2.5,2.5,0,0.2143,0.1333,0.6818,13.6364,13.6364,1.6667,2.5,2.5,0,0.2143,0.1333,0.6818,13.6364,13.6364,1.6667,2.5,2.5
2017,0,0.2143,0.1333,0.6818,13.6364,13.6364,1.6667,2.5,2.5,0,0.2143,0.1333,0.6818,13.6364,13.6364,1.6667,2.5,2.5,0,0.2143,0.1333,0.6818,13.6364,13.6364,1.6667,2.5,2.5,0,0.2143,0.1333,0.6818,13.6364,13.6364,1.6667,2.5,2.5,0,0.2143,0.1333,0.6818,13.6364,13.6364,1.6667,2.5,2.5,0,0.2143,0.1333,0.6818,13.6364,13.6364,1.6667,2.5,2.5,0,0.2143,0.1333,0.6818,13.6364,13.6364,1.6667,2.5,2.5,0,0.2143,0.1333,0.6818,13.6364,13.6364,1.6667,2.5,2.5,0,0.2143,0.1333,0.6818,13.6364,13.6364,1.6667,2.5,2.5,0,0.2143,0.1333,0.6818,13.6364,13.6364,1.6667,2.5,2.5,0,0.2143,0.1333,0.6818,13.6364,13.6364,1.6667,2.5,2.5
2018,0,0.2143,0.1333,0.6818,13.6364,13.6364,1.6667,2.5,2.5,0,0.2143,0.1333,0.6818,13.6364,13.6364,1.6667,2.5,2.5,0,0.2143,0.1333,0.6818,13.6364,13.6364,1.6667,2.5,2.5,0,0.2143,0.1333,0.6818,13.6364,13.6364,1.6667,2.5,2.5,0,0.2143,0.1333,0.6818,13.6364,13.6364,1.6667,2.5,2.5,0,0.2143,0.1333,0.6818,13.6364,13.6364,1.6667,2.5,2.5,0,0.2143,0.1333,0.6818,13.6364,13.6364,1.6667,2.5,2.5,0,0.2143,0.1333,0.6818,13.6364,13.6364,1.6667,2.5,2.5,0,0.2143,0.1333,0.6818,13.6364,13.6364,1.6667,2.5,2.5,0,0.2143,0.1333,0.6818,13.6364,13.6364,1.6667,2.5,2.5,0,0.2143,0.1333,0.6818,13.6364,13.6364,1.6667,2.5,2.5
2019,0,0.2143,0.1333,0.6818,13.6364,13.6364,1.6667,2.5,2.5,0,0.2143,0.1333,0.6818,13.6364,13.6364,1.6667,2.5,2.5,0,0.2143,0.1333,0.6818,13.6364,13.6364,1.6667,2.5,2.5,0,0.2143,0.1333,0.6818,13.6364,13.6364,1.6667,2.5,2.5,0,0.2143,0.1333,0.6818,13.6364,13.6364,1.6667,2.5,2.5,0,0.2143,0.1333,0.6818,13.6364,13.6364,1.6667,2.5,2.5,0,0.2143,0.1333,0.6818,13.6364,13.6364,1.6667,2.5,2.5,0,0.2143,0.1333,0.6818,13.6364,13.6364,1.6667,2.5,2.5,0,0.2143,0.1333,0.6818,13.6364,13.6364,1.6667,2.5,2.5,0,0.2143,0.1333,0.6818,13.6364,13.6364,1.6667,2.5,2.5,0,0.2143,0.1333,0.6818,13.6364,13.6364,1.6667,2.5,2.5
2020,0,0.2143,0.1333,0.6818,13.6364,13.6364,1.6667,2.5,2.5,0,0.2143,0.1333,0.6818,13.6364,13.6364,1.6667,2.5,2.5,0,0.2143,0.1333,0.6818,13.6364,13.6364,1.6667,2.5,2.5,0,0.2143,0.1333,0.6818,13.6364,13.6364,1.6667,2.5,2.5,0,0.2143,0.1333,0.6818,13.6364,13.6364,1.6667,2.5,2.5,0,0.2143,0.1333,0.6818,13.6364,13.6364,1.6667,2.5,2.5,0,0.2143,0.1333,0.6818,13.6364,13.6364,1.6667,2.5,2.5,0,0.2143,0.1333,0.6818,13.6364,13.6364,1.6667,2.5,2.5,0,0.2143,0.1333,0.6818,13.6364,13.6364,1.6667,2.5,2.5,0,0.2143,0.1333,0.6818,13.6364,13.6364,1.6667,2.5,2.5,0,0.2143,0.1333,0.6818,13.6364,13.6364,1.6667,2.5,2.5
2021,0,0.2143,0.1333,0.6818,13.6364,13.6364,1.6667,2.5,2.5,0,0.2143,0.1333,0.6818,13.6364,13.6364,1.6667,2.5,2.5,0,0.2143,0.1333,0.6818,13.6364,13.6364,1.6667,2.5,2.5,0,0.2143,0.1333,0.6818,13.6364,13.6364,1.6667,2.5,2.5,0,0.2143,0.1333,0.6818,13.6364,13.6364,1.6667,2.5,2.5,0,0.2143,0.1333,0.6818,13.6364,13.6364,1.6667,2.5,2.5,0,0.2143,0.1333,0.6818,13.6364,13.6364,1.6667,2.5,2.5,0,0.2143,0.1333,0.6818,13.6364,13.6364,1.6667,2.5,2.5,0,0.2143,0.1333,0.6818,13.6364,13.6364,1.6667,2.5,2.5,0,0.2143,0.1333,0.6818,13.6364,13.6364,1.6667,2.5,2.5,0,0.2143,0.1333,0.6818,13.6364,13.6364,1.6667,2.5,2.5
2022,0,0.2143,0.1333,0.6818,13.6364,13.6364,1.6667,2.5,2.5,0,0.2143,0.1333,0.6818,13.6364,13.6364,1.6667,2.5,2.5,0,0.2143,0.1333,0.6818,13.6364,13.6364,1.6667,2.5,2.5,0,0.2143,0.1333,0.6818,13.6364,13.6364,1.6667,2.5,2.5,0,0.2143,0.1333,0.6818,13.6364,13.6364,1.6667,2.5,2.5,0,0.2143,0.1333,0.6818,13.6364,13.6364,1.6667,2.5,2.5,0,0.2143,0.1333,0.6818,13.6364,13.6364,1.6667,2.5,2.5,0,0.2143,0.1333,0.6818,13.6364,13.6364,1.6667,2.5,2.5,0,0.2143,0.1333,0.6818,13.6364,13.6364,1.6667,2.5,2.5,0,0.2143,0.1333,0.6818,13.6364,13.6364,1.6667,2.5,2.5,0,0.2143,0.1333,0.6818,13.6364,13.6364,1.6667,2.5,2.5
2023,0,0.2143,0.1333,0.6818,13.6364,13.6364,1.6667,2.5,2.5,0,0.2143,0.1333,0.6818,13.6364,13.6364,1.6667,2.5,2.5,0,0.2143,0.1333,0.6818,13.6364,13.6364,1.6667,2.5,2.5,0,0.2143,0.1333,0.6818,13.6364,13.6364,1.6667,2.5,2.5,0,0.2143,0.1333,0.6818,13.6364,13.6364,1.6667,2.5,2.5,0,0.2143,0.1333,0.6818,13.6364,13.6364,1.6667,2.5,2.5,0,0.2143,0.1333,0.6818,13.6364,13.6364,1.6667,2.5,2.5,0,0.2143,0.1333,0.6818,13.6364,13.6364,1.6667,2.5,2.5,0,0.2143,0.1333,0.6818,13.6364,13.6364,1.6667,2.5,2.5,0,0.2143,0.1333,0.6818,13.6364,13.6364,1.6667,2.5,2.5,0,0.2143,0.1333,0.6818,13.6364,13.6364,1.6667,2.5,2.5
2024,0,0.2143,0.1333,0.6818,13.6364,13.6364,1.6667,2.5,2.5,0,0.2143,0.1333,0.6818,13.6364,13.6364,1.6667,2.5,2.5,0,0.2143,0.1333,0.6818,13.6364,13.6364,1.6667,2.5,2.5,0,0.2143,0.1333,0.6818,13.6364,13.6364,1.6667,2.5,2.5,0,0.2143,0.1333,0.6818,13.6364,13.6364,1.6667,2.5,2.5,0,0.2143,0.1333,0.6818,13.6364,13.6364,1.6667,2.5,2.5,0,0.2143,0.1333,0.6818,13.6364,13.6364,1.6667,2.5,2.5,0,0.2143,0.1333,0.6818,13.6364,13.6364,1.6667,2.5,2.5,0,0.2143,0.1333,0.6818,13.6364,13.6364,1.6667,2.5,2.5,0,0.2143,0.1333,0.6818,13.6364,13.6364,1.6667,2.5,2.5,0,0.2143,0.1333,0.6818,13.6364,13.6364,1.6667,2.5,2.5
2025,0,0.2143,0.1333,0.6818,13.6364,13.6364,1.6667,2.5,2.5,0,0.2143,0.1333,0.6818,13.6364,13.6364,1.6667,2.5,2.5,0,0.2143,0.1333,0.6818,13.6364,13.6364,1.6667,2.5,2.5,0,0.2143,0.1333,0.6818,13.6364,13.6364,1.6667,2.5,2.5,0,0.2143,0.1333,0.6818,13.6364,13.6364,1.6667,2.5,2.5,0,0.2143,0.1333,0.6818,13.6364,13.6364,1.6667,2.5,2.5,0,0.2143,0.1333,0.6818,13.6364,13.6364,1.6667,2.5,2.5,0,0.2143,0.1333,0.6818,13.6364,13.6364,1.6667,2.5,2.5,0,0.2143,0.1333,0.6818,13.6364,13.6364,1.6667,2.5,2.5,0,0.2143,0.1333,0.6818,13.6364,13.6364,1.6667,2.5,2.5,0,0.2143,0.1333,0.6818,13.6364,13.6364,1.6667,2.5,2.5
2026,0,0.2143,0.1333,0.6818,13.6364,13.6364,1.6667,2.5,2.5,0,0.2143,0.1333,0.6818,13.6364,13.6364,1.6667,2.5,2.5,0,0.2143,0.1333,0.6818,13.6364,13.6364,1.6667,2.5,2.5,0,0.2143,0.1333,0.6818,13.6364,13.6364,1.6667,2.5,2.5,0,0.2143,0.1333,0.6818,13.6364,13.6364,1.6667,2.5,2.5,0,0.2143,0.1333,0.6818,13.6364,13.6364,1.6667,2.5,2.5,0,0.2143,0.1333,0.6818,13.6364,13.6364,1.6667,2.5,2.5,0,0.2143,0.1333,0.6818,13.6364,13.6364,1.6667,2.5,2.5,0,0.2143,0.1333,0.6818,13.6364,13.6364,1.6667,2.5,2.5,0,0.2143,0.1333,0.6818,13.6364,13.6364,1.6667,2.5,2.5,0,0.2143,0.1333,0.6818,13.6364,13.6364,1.6667,2.5,2.5
2027,0,0.2143,0.1333,0.6818,13.6364,13.6364,1.6667,2.5,2.5,0,0.2143,0.1333,0.6818,13.6364,13.6364,1.6667,2.5,2.5,0,0.2143,0.1333,0.6818,13.6364,13.6364,1.6667,2.5,2.5,0,0.2143,0.1333,0.6818,13.6364,13.6364,1.6667,2.5,2.5,0,0.2143,0.1333,0.6818,13.6364,13.6364,1.6667,2.5,2.5,0,0.2143,0.1333,0.6818,13.6364,13.6364,1.6667,2.5,2.5,0,0.2143,0.1333,0.6818,13.6364,13.6364,1.6667,2.5,2.5,0,0.2143,0.1333,0.6818,13.6364,13.6364,1.6667,2.5,2.5,0,0.2143,0.1333,0.6818,13.6364,13.6364,1.6667,2.5,2.5,0,0.2143,0.1333,0.6818,13.6364,13.6364,1.6667,2.5,2.5,0,0.2143,0.1333,0.6818,13.6364,13.6364,1.6667,2.5,2.5
2028,0,0.2143,0.1333,0.6818,13.6364,13.6364,1.6667,2.5,2.5,0,0.2143,0.1333,0.6818,13.6364,13.6364,1.6667,2.5,2.5,0,0.2143,0.1333,0.6818,13.6364,13.6364,1.6667,2.5,2.5,0,0.2143,0.1333,0.6818,13.6364,13.6364,1.6667,2.5,2.5,0,0.2143,0.1333,0.6818,13.6364,13.6364,1.6667,2.5,2.5,0,0.2143,0.1333,0.6818,13.6364,13.6364,1.6667,2.5,2.5,0,0.2143,0.1333,0.6818,13.6364,13.6364,1.6667,2.5,2.5,0,0.2143,0.1333,0.6818,13.6364,13.6364,1.6667,2.5,2.5,0,0.2143,0.1333,0.6818,13.6364,13.6364,1.6667,2.5,2.5,0,0.2143,0.1333,0.6818,13.6364,13.6364,1.6667,2.5,2.5,0,0.2143,0.1333,0.6818,13.6364,13.6364,1.6667,2.5,2.5
2029,0,0.2143,0.1333,0.6818,13.6364,13.6364,1.6667,2.5,2.5,0,0.2143,0.1333,0.6818,13.6364,13.6364,1.6667,2.5,2.5,0,0.2143,0.1333,0.6818,13.6364,13.6364,1.6667,2.5,2.5,0,0.2143,0.1333,0.6818,13.6364,13.6364,1.6667,2.5,2.5,0,0.2143,0.1333,0.6818,13.6364,13.6364,1.6667,2.5,2.5,0,0.2143,0.1333,0.6818,13.6364,13.6364,1.6667,2.5,2.5,0,0.2143,0.1333,0.6818,13.6364,13.6364,1.6667,2.5,2.5,0,0.2143,0.1333,0.6818,13.6364,13.6364,1.6667,2.5,2.5,0,0.2143,0.1333,0.6818,13.6364,13.6364,1.6667,2.5,2.5,0,0.2143,0.1333,0.6818,13.6364,13.6364,1.6667,2.5,2.5,0,0.2143,0.1333,0.6818,13.6364,13.6364,1.6667,2.5,2.5
2030,0,0.2143,0.1333,0.6818,13.6364,13.6364,1.6667,2.5,2.5,0,0.2143,0.1333,0.6818,13.6364,13.6364,1.6667,2.5,2.5,0,0.2143,0.1333,0.6818,13.6364,13.6364,1.6667,2.5,2.5,0,0.2143,0.1333,0.6818,13.6364,13.6364,1.6667,2.5,2.5,0,0.2143,0.1333,0.6818,13.6364,13.6364,1.6667,2.5,2.5,0,0.2143,0.1333,0.6818,13.6364,13.6364,1.6667,2.5,2.5,0,0.2143,0.1333,0.6818,13.6364,13.6364,1.6667,2.5,2.5,0,0.2143,0.1333,0.6818,13.6364,13.6364,1.6667,2.5,2.5,0,0.2143,0.1333,0.6818,13.6364,13.6364,1.6667,2.5,2.5,0,0.2143,0.1333,0.6818,13.6364,13.6364,1.6667,2.5,2.5,0,0.2143,0.1333,0.6818,13.6364,13.6364,1.6667,2.5,2.5
2031,0,0.2143,0.1333,0.6818,13.6364,13.6364,1.6667,2.5,2.5,0,0.2143,0.1333,0.6818,13.6364,13.6364,1.6667,2.5,2.5,0,0.2143,0.1333,0.6818,13.6364,13.6364,1.6667,2.5,2.5,0,0.2143,0.1333,0.6818,13.6364,13.6364,1.6667,2.5,2.5,0,0.2143,0.1333,0.6818,13.6364,13.6364,1.6667,2.5,2.5,0,0.2143,0.1333,0.6818,13.6364,13.6364,1.6667,2.5,2.5,0,0.2143,0.1333,0.6818,13.6364,13.6364,1.6667,2.5,2.5,0,0.2143,0.1333,0.6818,13.6364,13.6364,1.6667,2.5,2.5,0,0.2143,0.1333,0.6818,13.6364,13.6364,1.6667,2.5,2.5,0,0.2143,0.1333,0.6818,13.6364,13.6364,1.6667,2.5,2.5,0,0.2143,0.1333,0.6818,13.6364,13.6364,1.6667,2.5,2.5
2032,0,0.2143,0.1333,0.6818,13.6364,13.6364,1.6667,2.5,2.5,0,0.2143,0.1333,0.6818,13.6364,13.6364,1.6667,2.5,2.5,0,0.2143,0.1333,0.6818,13.6364,13.6364,1.6667,2.5,2.5,0,0.2143,0.1333,0.6818,13.6364,13.6364,1.6667,2.5,2.5,0,0.2143,0.1333,0.6818,13.6364,13.6364,1.6667,2.5,2.5,0,0.2143,0.1333,0.6818,13.6364,13.6364,1.6667,2.5,2.5,0,0.2143,0.1333,0.6818,13.6364,13.6364,1.6667,2.5,2.5,0,0.2143,0.1333,0.6818,13.6364,13.6364,1.6667,2.5,2.5,0,0.2143,0.1333,0.6818,13.6364,13.6364,1.6667,2.5,2.5,0,0.2143,0.1333,0.6818,13.6364,13.6364,1.6667,2.5,2.5,0,0.2143,0.1333,0.6818,13.6364,13.6364,1.6667,2.5,2.5
2033,0,0.2143,0.1333,0.6818,13.6364,13.6364,1.6667,2.5,2.5,0,0.2143,0.1333,0.6818,13.6364,13.6364,1.6667,2.5,2.5,0,0.2143,0.1333,0.6818,13.6364,13.6364,1.6667,2.5,2.5,0,0.2143,0.1333,0.6818,13.6364,13.6364,1.6667,2.5,2.5,0,0.2143,0.1333,0.6818,13.6364,13.6364,1.6667,2.5,2.5,0,0.2143,0.1333,0.6818,13.6364,13.6364,1.6667,2.5,2.5,0,0.2143,0.1333,0.6818,13.6364,13.6364,1.6667,2.5,2.5,0,0.2143,0.1333,0.6818,13.6364,13.6364,1.6667,2.5,2.5,0,0.2143,0.1333,0.6818,13.6364,13.6364,1.6667,2.5,2.5,0,0.2143,0.1333,0.6818,13.6364,13.6364,1.6667,2.5,2.5,0,0.2143,0.1333,0.6818,13.6364,13.6364,1.6667,2.5,2.5
2034,0,0.2143,0.1333,0.6818,13.6364,13.6364,1.6667,2.5,2.5,0,0.2143,0.1333,0.6818,13.6364,13.6364,1.6667,2.5,2.5,0,0.2143,0.1333,0.6818,13.6364,13.6364,1.6667,2.5,2.5,0,0.2143,0.1333,0.6818,13.6364,13.6364,1.6667,2.5,2.5,0,0.2143,0.1333,0.6818,13.6364,13.6364,1.6667,2.5,2.5,0,0.2143,0.1333,0.6818,13.6364,13.6364,1.6667,2.5,2.5,0,0.2143,0.1333,0.6818,13.6364,13.6364,1.6667,2.5,2.5,0,0.2143,0.1333,0.6818,13.6364,13.6364,1.6667,2.5,2.5,0,0.2143,0.1333,0.6818,13.6364,13.6364,1.6667,2.5,2.5,0,0.2143,0.1333,0.6818,13.6364,13.6364,1.6667,2.5,2.5,0,0.2143,0.1333,0.6818,13.6364,13.6364,1.6667,2.5,2.5
2035,0,0.2143,0.1333,0.6818,13.6364,13.6364,1.6667,2.5,2.5,0,0.2143,0.1333,0.6818,13.6364,13.6364,1.6667,2.5,2.5,0,0.2143,0.1333,0.6818,13.6364,13.6364,1.6667,2.5,2.5,0,0.2143,0.1333,0.6818,13.6364,13.6364,1.6667,2.5,2.5,0,0.2143,0.1333,0.6818,13.6364,13.6364,1.6667,2.5,2.5,0,0.2143,0.1333,0.6818,13.6364,13.6364,1.6667,2.5,2.5,0,0.2143,0.1333,0.6818,13.6364,13.6364,1.6667,2.5,2.5,0,0.2143,0.1333,0.6818,13.6364,13.6364,1.6667,2.5,2.5,0,0.2143,0.1333,0.6818,13.6364,13.6364,1.6667,2.5,2.5,0,0.2143,0.1333,0.6818,13.6364,13.6364,1.6667,2.5,2.5,0,0.2143,0.1333,0.6818,13.6364,13.6364,1.6667,2.5,2.5
2036,0,0.2143,0.1333,0.6818,13.6364,13.6364,1.6667,2.5,2.5,0,0.2143,0.1333,0.6818,13.6364,13.6364,1.6667,2.5,2.5,0,0.2143,0.1333,0.6818,13.6364,13.6364,1.6667,2.5,2.5,0,0.2143,0.1333,0.6818,13.6364,13.6364,1.6667,2.5,2.5,0,0.2143,0.1333,0.6818,13.6364,13.6364,1.6667,2.5,2.5,0,0.2143,0.1333,0.6818,13.6364,13.6364,1.6667,2.5,2.5,0,0.2143,0.1333,0.6818,13.6364,13.6364,1.6667,2.5,2.5,0,0.2143,0.1333,0.6818,13.6364,13.6364,1.6667,2.5,2.5,0,0.2143,0.1333,0.6818,13.6364,13.6364,1.6667,2.5,2.5,0,0.2143,0.1333,0.6818,13.6364,13.6364,1.6667,2.5,2.5,0,0.2143,0.1333,0.6818,13.6364,13.6364,1.6667,2.5,2.5
2037,0,0.2143,0.1333,0.6818,13.6364,13.6364,1.6667,2.5,2.5,0,0.2143,0.1333,0.6818,13.6364,13.6364,1.6667,2.5,2.5,0,0.2143,0.1333,0.6818,13.6364,13.6364,1.6667,2.5,2.5,0,0.2143,0.1333,0.6818,13.6364,13.6364,1.6667,2.5,2.5,0,0.2143,0.1333,0.6818,13.6364,13.6364,1.6667,2.5,2.5,0,0.2143,0.1333,0.6818,13.6364,13.6364,1.6667,2.5,2.5,0,0.2143,0.1333,0.6818,13.6364,13.6364,1.6667,2.5,2.5,0,0.2143,0.1333,0.6818,13.6364,13.6364,1.6667,2.5,2.5,0,0.2143,0.1333,0.6818,13.6364,13.6364,1.6667,2.5,2.5,0,0.2143,0.1333,0.6818,13.6364,13.6364,1.6667,2.5,2.5,0,0.2143,0.1333,0.6818,13.6364,13.6364,1.6667,2.5,2.5
2038,0,0.2143,0.1333,0.6818,13.6364,13.6364,1.6667,2.5,2.5,0,0.2143,0.1333,0.6818,13.6364,13.6364,1.6667,2.5,2.5,0,0.2143,0.1333,0.6818,13.6364,13.6364,1.6667,2.5,2.5,0,0.2143,0.1333,0.6818,13.6364,13.6364,1.6667,2.5,2.5,0,0.2143,0.1333,0.6818,13.6364,13.6364,1.6667,2.5,2.5,0,0.2143,0.1333,0.6818,13.6364,13.6364,1.6667,2.5,2.5,0,0.2143,0.1333,0.6818,13.6364,13.6364,1.6667,2.5,2.5,0,0.2143,0.1333,0.6818,13.6364,13.6364,1.6667,2.5,2.5,0,0.2143,0.1333,0.6818,13.6364,13.6364,1.6667,2.5,2.5,0,0.2143,0.1333,0.6818,13.6364,13.6364,1.6667,2.5,2.5,0,0.2143,0.1333,0.6818,13.6364,13.6364,1.6667,2.5,2.5
2039,0,0.2143,0.1333,0.6818,13.6364,13.6364,1.6667,2.5,2.5,0,0.2143,0.1333,0.6818,13.6364,13.6364,1.6667,2.5,2.5,0,0.2143,0.1333,0.6818,13.6364,13.6364,1.6667,2.5,2.5,0,0.2143,0.1333,0.6818,13.6364,13.6364,1.6667,2.5,2.5,0,0.2143,0.1333,0.6818,13.6364,13.6364,1.6667,2.5,2.5,0,0.2143,0.1333,0.6818,13.6364,13.6364,1.6667,2.5,2.5,0,0.2143,0.1333,0.6818,13.6364,13.6364,1.6667,2.5,2.5,0,0.2143,0.1333,0.6818,13.6364,13.6364,1.6667,2.5,2.5,0,0.2143,0.1333,0.6818,13.6364,13.6364,1.6667,2.5,2.5,0,0.2143,0.1333,0.6818,13.6364,13.6364,1.6667,2.5,2.5,0,0.2143,0.1333,0.6818,13.6364,13.6364,1.6667,2.5,2.5
2040,0,0.2143,0.1333,0.6818,13.6364,13.6364,1.6667,2.5,2.5,0,0.2143,0.1333,0.6818,13.6364,13.6364,1.6667,2.5,2.5,0,0.2143,0.1333,0.6818,13.6364,13.6364,1.6667,2.5,2.5,0,0.2143,0.1333,0.6818,13.6364,13.6364,1.6667,2.5,2.5,0,0.2143,0.1333,0.6818,13.6364,13.6364,1.6667,2.5,2.5,0,0.2143,0.1333,0.6818,13.6364,13.6364,1.6667,2.5,2.5,0,0.2143,0.1333,0.6818,13.6364,13.6364,1.6667,2.5,2.5,0,0.2143,0.1333,0.6818,13.6364,13.6364,1.6667,2.5,2.5,0,0.2143,0.1333,0.6818,13.6364,13.6364,1.6667,2.5,2.5,0,0.2143,0.1333,0.6818,13.6364,13.6364,1.6667,2.5,2.5,0,0.2143,0.1333,0.6818,13.6364,13.6364,1.6667,2.5,2.5
2041,0,0.2143,0.1333,0.6818,13.6364,13.6364,1.6667,2.5,2.5,0,0.2143,0.1333,0.6818,13.6364,13.6364,1.6667,2.5,2.5,0,0.2143,0.1333,0.6818,13.6364,13.6364,1.6667,2.5,2.5,0,0.2143,0.1333,0.6818,13.6364,13.6364,1.6667,2.5,2.5,0,0.2143,0.1333,0.6818,13.6364,13.6364,1.6667,2.5,2.5,0,0.2143,0.1333,0.6818,13.6364,13.6364,1.6667,2.5,2.5,0,0.2143,0.1333,0.6818,13.6364,13.6364,1.6667,2.5,2.5,0,0.2143,0.1333,0.6818,13.6364,13.6364,1.6667,2.5,2.5,0,0.2143,0.1333,0.6818,13.6364,13.6364,1.6667,2.5,2.5,0,0.2143,0.1333,0.6818,13.6364,13.6364,1.6667,2.5,2.5,0,0.2143,0.1333,0.6818,13.6364,13.6364,1.6667,2.5,2.5
2042,0,0.2143,0.1333,0.6818,13.6364,13.6364,1.6667,2.5,2.5,0,0.2143,0.1333,0.6818,13.6364,13.6364,1.6667,2.5,2.5,0,0.2143,0.1333,0.6818,13.6364,13.6364,1.6667,2.5,2.5,0,0.2143,0.1333,0.6818,13.6364,13.6364,1.6667,2.5,2.5,0,0.2143,0.1333,0.6818,13.6364,13.6364,1.6667,2.5,2.5,0,0.2143,0.1333,0.6818,13.6364,13.6364,1.6667,2.5,2.5,0,0.2143,0.1333,0.6818,13.6364,13.6364,1.6667,2.5,2.5,0,0.2143,0.1333,0.6818,13.6364,13.6364,1.6667,2.5,2.5,0,0.2143,0.1333,0.6818,13.6364,13.6364,1.6667,2.5,2.5,0,0.2143,0.1333,0.6818,13.6364,13.6364,1.6667,2.5,2.5,0,0.2143,0.1333,0.6818,13.6364,13.6364,1.6667,2.5,2.5
2043,0,0.2143,0.1333,0.6818,13.6364,13.6364,1.6667,2.5,2.5,0,0.2143,0.1333,0.6818,13.6364,13.6364,1.6667,2.5,2.5,0,0.2143,0.1333,0.6818,13.6364,13.6364,1.6667,2.5,2.5,0,0.2143,0.1333,0.6818,13.6364,13.6364,1.6667,2.5,2.5,0,0.2143,0.1333,0.6818,13.6364,13.6364,1.6667,2.5,2.5,0,0.2143,0.1333,0.6818,13.6364,13.6364,1.6667,2.5,2.5,0,0.2143,0.1333,0.6818,13.6364,13.6364,1.6667,2.5,2.5,0,0.2143,0.1333,0.6818,13.6364,13.6364,1.6667,2.5,2.5,0,0.2143,0.1333,0.6818,13.6364,13.6364,1.6667,2.5,2.5,0,0.2143,0.1333,0.6818,13.6364,13.6364,1.6667,2.5,2.5,0,0.2143,0.1333,0.6818,13.6364,13.6364,1.6667,2.5,2.5
2044,0,0.2143,0.1333,0.6818,13.6364,13.6364,1.6667,2.5,2.5,0,0.2143,0.1333,0.6818,13.6364,13.6364,1.6667,2.5,2.5,0,0.2143,0.1333,0.6818,13.6364,13.6364,1.6667,2.5,2.5,0,0.2143,0.1333,0.6818,13.6364,13.6364,1.6667,2.5,2.5,0,0.2143,0.1333,0.6818,13.6364,13.6364,1.6667,2.5,2.5,0,0.2143,0.1333,0.6818,13.6364,13.6364,1.6667,2.5,2.5,0,0.2143,0.1333,0.6818,13.6364,13.6364,1.6667,2.5,2.5,0,0.2143,0.1333,0.6818,13.6364,13.6364,1.6667,2.5,2.5,0,0.2143,0.1333,0.6818,13.6364,13.6364,1.6667,2.5,2.5,0,0.2143,0.1333,0.6818,13.6364,13.6364,1.6667,2.5,2.5,0,0.2143,0.1333,0.6818,13.6364,13.6364,1.6667,2.5,2.5
2045,0,0.2143,0.1333,0.6818,13.6364,13.6364,1.6667,2.5,2.5,0,0.2143,0.1333,0.6818,13.6364,13.6364,1.6667,2.5,2.5,0,0.2143,0.1333,0.6818,13.6364,13.6364,1.6667,2.5,2.5,0,0.2143,0.1333,0.6818,13.6364,13.6364,1.6667,2.5,2.5,0,0.2143,0.1333,0.6818,13.6364,13.6364,1.6667,2.5,2.5,0,0.2143,0.1333,0.6818,13.6364,13.6364,1.6667,2.5,2.5,0,0.2143,0.1333,0.6818,13.6364,13.6364,1.6667,2.5,2.5,0,0.2143,0.1333,0.6818,13.6364,13.6364,1.6667,2.5,2.5,0,0.2143,0.1333,0.6818,13.6364,13.6364,1.6667,2.5,2.5,0,0.2143,0.1333,0.6818,13.6364,13.6364,1.6667,2.5,2.5,0,0.2143,0.1333,0.6818,13.6364,13.6364,1.6667,2.5,2.5
2046,0,0.2143,0.1333,0.6818,13.6364,13.6364,1.6667,2.5,2.5,0,0.2143,0.1333,0.6818,13.6364,13.6364,1.6667,2.5,2.5,0,0.2143,0.1333,0.6818,13.6364,13.6364,1.6667,2.5,2.5,0,0.2143,0.1333,0.6818,13.6364,13.6364,1.6667,2.5,2.5,0,0.2143,0.1333,0.6818,13.6364,13.6364,1.6667,2.5,2.5,0,0.2143,0.1333,0.6818,13.6364,13.6364,1.6667,2.5,2.5,0,0.2143,0.1333,0.6818,13.6364,13.6364,1.6667,2.5,2.5,0,0.2143,0.1333,0.6818,13.6364,13.6364,1.6667,2.5,2.5,0,0.2143,0.1333,0.6818,13.6364,13.6364,1.6667,2.5,2.5,0,0.2143,0.1333,0.6818,13.6364,13.6364,1.6667,2.5,2.5,0,0.2143,0.1333,0.6818,13.6364,13.6364,1.6667,2.5,2.5
2047,0,0.2143,0.1333,0.6818,13.6364,13.6364,1.6667,2.5,2.5,0,0.2143,0.1333,0.6818,13.6364,13.6364,1.6667,2.5,2.5,0,0.2143,0.1333,0.6818,13.6364,13.6364,1.6667,2.5,2.5,0,0.2143,0.1333,0.6818,13.6364,13.6364,1.6667,2.5,2.5,0,0.2143,0.1333,0.6818,13.6364,13.6364,1.6667,2.5,2.5,0,0.2143,0.1333,0.6818,13.6364,13.6364,1.6667,2.5,2.5,0,0.2143,0.1333,0.6818,13.6364,13.6364,1.6667,2.5,2.5,0,0.2143,0.1333,0.6818,13.6364,13.6364,1.6667,2.5,2.5,0,0.2143,0.1333,0.6818,13.6364,13.6364,1.6667,2.5,2.5,0,0.2143,0.1333,0.6818,13.6364,13.6364,1.6667,2.5,2.5,0,0.2143,0.1333,0.6818,13.6364,13.6364,1.6667,2.5,2.5
2048,0,0.2143,0.1333,0.6818,13.6364,13.6364,1.6667,2.5,2.5,0,0.2143,0.1333,0.6818,13.6364,13.6364,1.6667,2.5,2.5,0,0.2143,0.1333,0.6818,13.6364,13.6364,1.6667,2.5,2.5,0,0.2143,0.1333,0.6818,13.6364,13.6364,1.6667,2.5,2.5,0,0.2143,0.1333,0.6818,13.6364,13.6364,1.6667,2.5,2.5,0,0.2143,0.1333,0.6818,13.6364,13.6364,1.6667,2.5,2.5,0,0.2143,0.1333,0.6818,13.6364,13.6364,1.6667,2.5,2.5,0,0.2143,0.1333,0.6818,13.6364,13.6364,1.6667,2.5,2.5,0,0.2143,0.1333,0.6818,13.6364,13.6364,1.6667,2.5,2.5,0,0.2143,0.1333,0.6818,13.6364,13.6364,1.6667,2.5,2.5,0,0.2143,0.1333,0.6818,13.6364,13.6364,1.6667,2.5,2.5
2049,0,0.2143,0.1333,0.6818,13.6364,13.6364,1.6667,2.5,2.5,0,0.2143,0.1333,0.6818,13.6364,13.6364,1.6667,2.5,2.5,0,0.2143,0.1333,0.6818,13.6364,13.6364,1.6667,2.5,2.5,0,0.2143,0.1333,0.6818,13.6364,13.6364,1.6667,2.5,2.5,0,0.2143,0.1333,0.6818,13.6364,13.6364,1.6667,2.5,2.5,0,0.2143,0.1333,0.6818,13.6364,13.6364,1.6667,2.5,2.5,0,0.2143,0.1333,0.6818,13.6364,13.6364,1.6667,2.5,2.5,0,0.2143,0.1333,0.6818,13.6364,13.6364,1.6667,2.5,2.5,0,0.2143,0.1333,0.6818,13.6364,13.6364,1.6667,2.5,2.5,0,0.2143,0.1333,0.6818,13.6364,13.6364,1.6667,2.5,2.5,0,0.2143,0.1333,0.6818,13.6364,13.6364,1.6667,2.5,2.5
2050,0,0.2143,0.1333,0.6818,13.6364,13.6364,1.6667,2.5,2.5,0,0.2143,0.1333,0.6818,13.6364,13.6364,1.6667,2.5,2.5,0,0.2143,0.1333,0.6818,13.6364,13.6364,1.6667,2.5,2.5,0,0.2143,0.1333,0.6818,13.6364,13.6364,1.6667,2.5,2.5,0,0.2143,0.1333,0.6818,13.6364,13.6364,1.6667,2.5,2.5,0,0.2143,0.1333,0.6818,13.6364,13.6364,1.6667,2.5,2.5,0,0.2143,0.1333,0.6818,13.6364,13.6364,1.6667,2.5,2.5,0,0.2143,0.1333,0.6818,13.6364,13.6364,1.6667,2.5,2.5,0,0.2143,0.1333,0.6818,13.6364,13.6364,1.6667,2.5,2.5,0,0.2143,0.1333,0.6818,13.6364,13.6364,1.6667,2.5,2.5,0,0.2143,0.1333,0.6818,13.6364,13.6364,1.6667,2.5,2.5
2051,0,0.2143,0.1333,0.6818,13.6364,13.6364,1.6667,2.5,2.5,0,0.2143,0.1333,0.6818,13.6364,13.6364,1.6667,2.5,2.5,0,0.2143,0.1333,0.6818,13.6364,13.6364,1.6667,2.5,2.5,0,0.2143,0.1333,0.6818,13.6364,13.6364,1.6667,2.5,2.5,0,0.2143,0.1333,0.6818,13.6364,13.6364,1.6667,2.5,2.5,0,0.2143,0.1333,0.6818,13.6364,13.6364,1.6667,2.5,2.5,0,0.2143,0.1333,0.6818,13.6364,13.6364,1.6667,2.5,2.5,0,0.2143,0.1333,0.6818,13.6364,13.6364,1.6667,2.5,2.5,0,0.2143,0.1333,0.6818,13.6364,13.6364,1.6667,2.5,2.5,0,0.2143,0.1333,0.6818,13.6364,13.6364,1.6667,2.5,2.5,0,0.2143,0.1333,0.6818,13.6364,13.6364,1.6667,2.5,2.5
2052,0,0.2143,0.1333,0.6818,13.6364,13.6364,1.6667,2.5,2.5,0,0.2143,0.1333,0.6818,13.6364,13.6364,1.6667,2.5,2.5,0,0.2143,0.1333,0.6818,13.6364,13.6364,1.6667,2.5,2.5,0,0.2143,0.1333,0.6818,13.6364,13.6364,1.6667,2.5,2.5,0,0.2143,0.1333,0.6818,13.6364,13.6364,1.6667,2.5,2.5,0,0.2143,0.1333,0.6818,13.6364,13.6364,1.6667,2.5,2.5,0,0.2143,0.1333,0.6818,13.6364,13.6364,1.6667,2.5,2.5,0,0.2143,0.1333,0.6818,13.6364,13.6364,1.6667,2.5,2.5,0,0.2143,0.1333,0.6818,13.6364,13.6364,1.6667,2.5,2.5,0,0.2143,0.1333,0.6818,13.6364,13.6364,1.6667,2.5,2.5,0,0.2143,0.1333,0.6818,13.6364,13.6364,1.6667,2.5,2.5
2053,0,0.2143,0.1333,0.6818,13.6364,13.6364,1.6667,2.5,2.5,0,0.2143,0.1333,0.6818,13.6364,13.6364,1.6667,2.5,2.5,0,0.2143,0.1333,0.6818,13.6364,13.6364,1.6667,2.5,2.5,0,0.2143,0.1333,0.6818,13.6364,13.6364,1.6667,2.5,2.5,0,0.2143,0.1333,0.6818,13.6364,13.6364,1.6667,2.5,2.5,0,0.2143,0.1333,0.6818,13.6364,13.6364,1.6667,2.5,2.5,0,0.2143,0.1333,0.6818,13.6364,13.6364,1.6667,2.5,2.5,0,0.2143,0.1333,0.6818,13.6364,13.6364,1.6667,2.5,2.5,0,0.2143,0.1333,0.6818,13.6364,13.6364,1.6667,2.5,2.5,0,0.2143,0.1333,0.6818,13.6364,13.6364,1.6667,2.5,2.5,0,0.2143,0.1333,0.6818,13.6364,13.6364,1.6667,2.5,2.5
2054,0,0.2143,0.1333,0.6818,13.6364,13.6364,1.6667,2.5,2.5,0,0.2143,0.1333,0.6818,13.6364,13.6364,1.6667,2.5,2.5,0,0.2143,0.1333,0.6818,13.6364,13.6364,1.6667,2.5,2.5,0,0.2143,0.1333,0.6818,13.6364,13.6364,1.6667,2.5,2.5,0,0.2143,0.1333,0.6818,13.6364,13.6364,1.6667,2.5,2.5,0,0.2143,0.1333,0.6818,13.6364,13.6364,1.6667,2.5,2.5,0,0.2143,0.1333,0.6818,13.6364,13.6364,1.6667,2.5,2.5,0,0.2143,0.1333,0.6818,13.6364,13.6364,1.6667,2.5,2.5,0,0.2143,0.1333,0.6818,13.6364,13.6364,1.6667,2.5,2.5,0,0.2143,0.1333,0.6818,13.6364,13.6364,1.6667,2.5,2.5,0,0.2143,0.1333,0.6818,13.6364,13.6364,1.6667,2.5,2.5
2055,0,0.2143,0.1333,0.6818,13.6364,13.6364,1.6667,2.5,2.5,0,0.2143,0.1333,0.6818,13.6364,13.6364,1.6667,2.5,2.5,0,0.2143,0.1333,0.6818,13.6364,13.6364,1.6667,2.5,2.5,0,0.2143,0.1333,0.6818,13.6364,13.6364,1.6667,2.5,2.5,0,0.2143,0.1333,0.6818,13.6364,13.6364,1.6667,2.5,2.5,0,0.2143,0.1333,0.6818,13.6364,13.6364,1.6667,2.5,2.5,0,0.2143,0.1333,0.6818,13.6364,13.6364,1.6667,2.5,2.5,0,0.2143,0.1333,0.6818,13.6364,13.6364,1.6667,2.5,2.5,0,0.2143,0.1333,0.6818,13.6364,13.6364,1.6667,2.5,2.5,0,0.2143,0.1333,0.6818,13.6364,13.6364,1.6667,2.5,2.5,0,0.2143,0.1333,0.6818,13.6364,13.6364,1.6667,2.5,2.5
2056,0,0.2143,0.1333,0.6818,13.6364,13.6364,1.6667,2.5,2.5,0,0.2143,0.1333,0.6818,13.6364,13.6364,1.6667,2.5,2.5,0,0.2143,0.1333,0.6818,13.6364,13.6364,1.6667,2.5,2.5,0,0.2143,0.1333,0.6818,13.6364,13.6364,1.6667,2.5,2.5,0,0.2143,0.1333,0.6818,13.6364,13.6364,1.6667,2.5,2.5,0,0.2143,0.1333,0.6818,13.6364,13.6364,1.6667,2.5,2.5,0,0.2143,0.1333,0.6818,13.6364,13.6364,1.6667,2.5,2.5,0,0.2143,0.1333,0.6818,13.6364,13.6364,1.6667,2.5,2.5,0,0.2143,0.1333,0.6818,13.6364,13.6364,1.6667,2.5,2.5,0,0.2143,0.1333,0.6818,13.6364,13.6364,1.6667,2.5,2.5,0,0.2143,0.1333,0.6818,13.6364,13.6364,1.6667,2.5,2.5
2057,0,0.2143,0.1333,0.6818,13.6364,13.6364,1.6667,2.5,2.5,0,0.2143,0.1333,0.6818,13.6364,13.6364,1.6667,2.5,2.5,0,0.2143,0.1333,0.6818,13.6364,13.6364,1.6667,2.5,2.5,0,0.2143,0.1333,0.6818,13.6364,13.6364,1.6667,2.5,2.5,0,0.2143,0.1333,0.6818,13.6364,13.6364,1.6667,2.5,2.5,0,0.2143,0.1333,0.6818,13.6364,13.6364,1.6667,2.5,2.5,0,0.2143,0.1333,0.6818,13.6364,13.6364,1.6667,2.5,2.5,0,0.2143,0.1333,0.6818,13.6364,13.6364,1.6667,2.5,2.5,0,0.2143,0.1333,0.6818,13.6364,13.6364,1.6667,2.5,2.5,0,0.2143,0.1333,0.6818,13.6364,13.6364,1.6667,2.5,2.5,0,0.2143,0.1333,0.6818,13.6364,13.6364,1.6667,2.5,2.5
2058,0,0.2143,0.1333,0.6818,13.6364,13.6364,1.6667,2.5,2.5,0,0.2143,0.1333,0.6818,13.6364,13.6364,1.6667,2.5,2.5,0,0.2143,0.1333,0.6818,13.6364,13.6364,1.6667,2.5,2.5,0,0.2143,0.1333,0.6818,13.6364,13.6364,1.6667,2.5,2.5,0,0.2143,0.1333,0.6818,13.6364,13.6364,1.6667,2.5,2.5,0,0.2143,0.1333,0.6818,13.6364,13.6364,1.6667,2.5,2.5,0,0.2143,0.1333,0.6818,13.6364,13.6364,1.6667,2.5,2.5,0,0.2143,0.1333,0.6818,13.6364,13.6364,1.6667,2.5,2.5,0,0.2143,0.1333,0.6818,13.6364,13.6364,1.6667,2.5,2.5,0,0.2143,0.1333,0.6818,13.6364,13.6364,1.6667,2.5,2.5,0,0.2143,0.1333,0.6818,13.6364,13.6364,1.6667,2.5,2.5
2059,0,0.2143,0.1333,0.6818,13.6364,13.6364,1.6667,2.5,2.5,0,0.2143,0.1333,0.6818,13.6364,13.6364,1.6667,2.5,2.5,0,0.2143,0.1333,0.6818,13.6364,13.6364,1.6667,2.5,2.5,0,0.2143,0.1333,0.6818,13.6364,13.6364,1.6667,2.5,2.5,0,0.2143,0.1333,0.6818,13.6364,13.6364,1.6667,2.5,2.5,0,0.2143,0.1333,0.6818,13.6364,13.6364,1.6667,2.5,2.5,0,0.2143,0.1333,0.6818,13.6364,13.6364,1.6667,2.5,2.5,0,0.2143,0.1333,0.6818,13.6364,13.6364,1.6667,2.5,2.5,0,0.2143,0.1333,0.6818,13.6364,13.6364,1.6667,2.5,2.5,0,0.2143,0.1333,0.6818,13.6364,13.6364,1.6667,2.5,2.5,0,0.2143,0.1333,0.6818,13.6364,13.6364,1.6667,2.5,2.5
2060,0,0.2143,0.1333,0.6818,13.6364,13.6364,1.6667,2.5,2.5,0,0.2143,0.1333,0.6818,13.6364,13.6364,1.6667,2.5,2.5,0,0.2143,0.1333,0.6818,13.6364,13.6364,1.6667,2.5,2.5,0,0.2143,0.1333,0.6818,13.6364,13.6364,1.6667,2.5,2.5,0,0.2143,0.1333,0.6818,13.6364,13.6364,1.6667,2.5,2.5,0,0.2143,0.1333,0.6818,13.6364,13.6364,1.6667,2.5,2.5,0,0.2143,0.1333,0.6818,13.6364,13.6364,1.6667,2.5,2.5,0,0.2143,0.1333,0.6818,13.6364,13.6364,1.6667,2.5,2.5,0,0.2143,0.1333,0.6818,13.6364,13.6364,1.6667,2.5,2.5,0,0.2143,0.1333,0.6818,13.6364,13.6364,1.6667,2.5,2.5,0,0.2143,0.1333,0.6818,13.6364,13.6364,1.6667,2.5,2.5
