Semana,Año,PedernalEnTejada,SobranteEnPinadero,AlicahueEnColliguay
1-Jan,2020,0.013,0.092,0.085
8-Jan,2020,0.01,0.089,0.083
15-Jan,2020,0.011,0.086,0.082
22-Jan,2020,0.01,0.083,0.08
29-Jan,2020,0.012,0.081,0.079
5-Feb,2020,0.01,0.079,0.078
12-Feb,2020,0.012,0.077,0.077
19-Feb,2020,0.01,0.076,0.076
26-Feb,2020,0.011,0.066,0.072
5-Mar,2020,0.01,0.073,0.074
12-Mar,2020,0.012,0.072,0.073
19-Mar,2020,0.011,0.072,0.073
26-Mar,2020,0.012,0.071,0.072
2-Apr,2020,0.012,0.071,0.071
9-Apr,2020,0.012,0.07,0.071
16-Apr,2020,0.011,0.069,0.07
23-Apr,2020,0.012,0.068,0.069
30-Apr,2020,0.011,0.067,0.068
7-May,2020,0.012,0.066,0.067
14-May,2020,0.012,0.065,0.067
21-May,2020,0.013,0.064,0.066
28-May,2020,0.012,0.064,0.066
4-Jun,2020,0.013,0.065,0.065
11-Jun,2020,0.013,0.065,0.065
18-Jun,2020,0.013,0.092,0.069
25-Jun,2020,0.012,0.11,0.081
2-Jul,2020,0.013,0.12,0.11
9-Jul,2020,0.012,0.111,0.094
16-Jul,2020,0.012,0.097,0.125
23-Jul,2020,0.012,0.116,0.116
30-Jul,2020,0.012,0.117,0.109
6-Aug,2020,0.012,0.104,0.103
13-Aug,2020,0.012,0.098,0.098
20-Aug,2020,0.012,0.093,0.095
27-Aug,2020,0.012,0.092,0.1
3-Sep,2020,0.012,0.091,0.097
10-Sep,2020,0.017,0.088,0.095
17-Sep,2020,0.023,0.086,0.09
24-Sep,2020,0.026,0.097,0.125
1-Oct,2020,0.023,0.087,0.097
8-Oct,2020,0.029,0.151,0.152
15-Oct,2020,0.02,0.11,0.11
22-Oct,2020,0.018,0.131,0.105
29-Oct,2020,0.017,0.115,0.097
5-Nov,2020,0.017,0.119,0.092
12-Nov,2020,0.015,0.1,0.087
19-Nov,2020,0.015,0.089,0.084
26-Nov,2020,0.012,0.085,0.081
3-Dec,2020,0.014,0.082,0.079
10-Dec,2020,0.011,0.079,0.078
17-Dec,2020,0.012,0.077,0.076
24-Dec,2020,0.009,0.065,0.065
1-Jan,2021,0.013,0.092,0.085
8-Jan,2021,0.01,0.089,0.083
15-Jan,2021,0.011,0.086,0.082
22-Jan,2021,0.01,0.083,0.08
29-Jan,2021,0.012,0.081,0.079
5-Feb,2021,0.01,0.079,0.078
12-Feb,2021,0.012,0.077,0.077
19-Feb,2021,0.01,0.076,0.076
26-Feb,2021,0.011,0.066,0.072
5-Mar,2021,0.01,0.073,0.074
12-Mar,2021,0.012,0.072,0.073
19-Mar,2021,0.011,0.072,0.073
26-Mar,2021,0.012,0.071,0.072
2-Apr,2021,0.012,0.071,0.071
9-Apr,2021,0.012,0.07,0.071
16-Apr,2021,0.011,0.069,0.07
23-Apr,2021,0.012,0.068,0.069
30-Apr,2021,0.011,0.067,0.068
7-May,2021,0.012,0.066,0.067
14-May,2021,0.012,0.065,0.067
21-May,2021,0.013,0.064,0.066
28-May,2021,0.012,0.064,0.066
4-Jun,2021,0.013,0.065,0.065
11-Jun,2021,0.013,0.065,0.065
18-Jun,2021,0.013,0.092,0.069
25-Jun,2021,0.012,0.11,0.081
2-Jul,2021,0.013,0.12,0.11
9-Jul,2021,0.012,0.111,0.094
16-Jul,2021,0.012,0.097,0.125
23-Jul,2021,0.012,0.116,0.116
30-Jul,2021,0.012,0.117,0.109
6-Aug,2021,0.012,0.104,0.103
13-Aug,2021,0.012,0.098,0.098
20-Aug,2021,0.012,0.093,0.095
27-Aug,2021,0.012,0.092,0.1
3-Sep,2021,0.012,0.091,0.097
10-Sep,2021,0.017,0.088,0.095
17-Sep,2021,0.023,0.086,0.09
24-Sep,2021,0.026,0.097,0.125
1-Oct,2021,0.023,0.087,0.097
8-Oct,2021,0.029,0.151,0.152
15-Oct,2021,0.02,0.11,0.11
22-Oct,2021,0.018,0.131,0.105
29-Oct,2021,0.017,0.115,0.097
5-Nov,2021,0.017,0.119,0.092
12-Nov,2021,0.015,0.1,0.087
19-Nov,2021,0.015,0.089,0.084
26-Nov,2021,0.012,0.085,0.081
3-Dec,2021,0.014,0.082,0.079
10-Dec,2021,0.011,0.079,0.078
17-Dec,2021,0.012,0.077,0.076
24-Dec,2021,0.009,0.065,0.065
1-Jan,2022,0.013,0.092,0.085
8-Jan,2022,0.01,0.089,0.083
15-Jan,2022,0.011,0.086,0.082
22-Jan,2022,0.01,0.083,0.08
29-Jan,2022,0.012,0.081,0.079
5-Feb,2022,0.01,0.079,0.078
12-Feb,2022,0.012,0.077,0.077
19-Feb,2022,0.01,0.076,0.076
26-Feb,2022,0.011,0.066,0.072
5-Mar,2022,0.01,0.073,0.074
12-Mar,2022,0.012,0.072,0.073
19-Mar,2022,0.011,0.072,0.073
26-Mar,2022,0.012,0.071,0.072
2-Apr,2022,0.012,0.071,0.071
9-Apr,2022,0.012,0.07,0.071
16-Apr,2022,0.011,0.069,0.07
23-Apr,2022,0.012,0.068,0.069
30-Apr,2022,0.011,0.067,0.068
7-May,2022,0.012,0.066,0.067
14-May,2022,0.012,0.065,0.067
21-May,2022,0.013,0.064,0.066
28-May,2022,0.012,0.064,0.066
4-Jun,2022,0.013,0.065,0.065
11-Jun,2022,0.013,0.065,0.065
18-Jun,2022,0.013,0.092,0.069
25-Jun,2022,0.012,0.11,0.081
2-Jul,2022,0.013,0.12,0.11
9-Jul,2022,0.012,0.111,0.094
16-Jul,2022,0.012,0.097,0.125
23-Jul,2022,0.012,0.116,0.116
30-Jul,2022,0.012,0.117,0.109
6-Aug,2022,0.012,0.104,0.103
13-Aug,2022,0.012,0.098,0.098
20-Aug,2022,0.012,0.093,0.095
27-Aug,2022,0.012,0.092,0.1
3-Sep,2022,0.012,0.091,0.097
10-Sep,2022,0.017,0.088,0.095
17-Sep,2022,0.023,0.086,0.09
24-Sep,2022,0.026,0.097,0.125
1-Oct,2022,0.023,0.087,0.097
8-Oct,2022,0.029,0.151,0.152
15-Oct,2022,0.02,0.11,0.11
22-Oct,2022,0.018,0.131,0.105
29-Oct,2022,0.017,0.115,0.097
5-Nov,2022,0.017,0.119,0.092
12-Nov,2022,0.015,0.1,0.087
19-Nov,2022,0.015,0.089,0.084
26-Nov,2022,0.012,0.085,0.081
3-Dec,2022,0.014,0.082,0.079
10-Dec,2022,0.011,0.079,0.078
17-Dec,2022,0.012,0.077,0.076
24-Dec,2022,0.009,0.065,0.065
1-Jan,2023,0.013,0.092,0.085
8-Jan,2023,0.01,0.089,0.083
15-Jan,2023,0.011,0.086,0.082
22-Jan,2023,0.01,0.083,0.08
29-Jan,2023,0.012,0.081,0.079
5-Feb,2023,0.01,0.079,0.078
12-Feb,2023,0.012,0.077,0.077
19-Feb,2023,0.01,0.076,0.076
26-Feb,2023,0.011,0.066,0.072
5-Mar,2023,0.01,0.073,0.074
12-Mar,2023,0.012,0.072,0.073
19-Mar,2023,0.011,0.072,0.073
26-Mar,2023,0.012,0.071,0.072
2-Apr,2023,0.012,0.071,0.071
9-Apr,2023,0.012,0.07,0.071
16-Apr,2023,0.011,0.069,0.07
23-Apr,2023,0.012,0.068,0.069
30-Apr,2023,0.011,0.067,0.068
7-May,2023,0.012,0.066,0.067
14-May,2023,0.012,0.065,0.067
21-May,2023,0.013,0.064,0.066
28-May,2023,0.012,0.064,0.066
4-Jun,2023,0.013,0.065,0.065
11-Jun,2023,0.013,0.065,0.065
18-Jun,2023,0.013,0.092,0.069
25-Jun,2023,0.012,0.11,0.081
2-Jul,2023,0.013,0.12,0.11
9-Jul,2023,0.012,0.111,0.094
16-Jul,2023,0.012,0.097,0.125
23-Jul,2023,0.012,0.116,0.116
30-Jul,2023,0.012,0.117,0.109
6-Aug,2023,0.012,0.104,0.103
13-Aug,2023,0.012,0.098,0.098
20-Aug,2023,0.012,0.093,0.095
27-Aug,2023,0.012,0.092,0.1
3-Sep,2023,0.012,0.091,0.097
10-Sep,2023,0.017,0.088,0.095
17-Sep,2023,0.023,0.086,0.09
24-Sep,2023,0.026,0.097,0.125
1-Oct,2023,0.023,0.087,0.097
8-Oct,2023,0.029,0.151,0.152
15-Oct,2023,0.02,0.11,0.11
22-Oct,2023,0.018,0.131,0.105
29-Oct,2023,0.017,0.115,0.097
5-Nov,2023,0.017,0.119,0.092
12-Nov,2023,0.015,0.1,0.087
19-Nov,2023,0.015,0.089,0.084
26-Nov,2023,0.012,0.085,0.081
3-Dec,2023,0.014,0.082,0.079
10-Dec,2023,0.011,0.079,0.078
17-Dec,2023,0.012,0.077,0.076
24-Dec,2023,0.009,0.065,0.065
1-Jan,2024,0.013,0.092,0.085
8-Jan,2024,0.01,0.089,0.083
15-Jan,2024,0.011,0.086,0.082
22-Jan,2024,0.01,0.083,0.08
29-Jan,2024,0.012,0.081,0.079
5-Feb,2024,0.01,0.079,0.078
12-Feb,2024,0.012,0.077,0.077
19-Feb,2024,0.01,0.076,0.076
26-Feb,2024,0.011,0.066,0.072
5-Mar,2024,0.01,0.073,0.074
12-Mar,2024,0.012,0.072,0.073
19-Mar,2024,0.011,0.072,0.073
26-Mar,2024,0.012,0.071,0.072
2-Apr,2024,0.012,0.071,0.071
9-Apr,2024,0.012,0.07,0.071
16-Apr,2024,0.011,0.069,0.07
23-Apr,2024,0.012,0.068,0.069
30-Apr,2024,0.011,0.067,0.068
7-May,2024,0.012,0.066,0.067
14-May,2024,0.012,0.065,0.067
21-May,2024,0.013,0.064,0.066
28-May,2024,0.012,0.064,0.066
4-Jun,2024,0.013,0.065,0.065
11-Jun,2024,0.013,0.065,0.065
18-Jun,2024,0.013,0.092,0.069
25-Jun,2024,0.012,0.11,0.081
2-Jul,2024,0.013,0.12,0.11
9-Jul,2024,0.012,0.111,0.094
16-Jul,2024,0.012,0.097,0.125
23-Jul,2024,0.012,0.116,0.116
30-Jul,2024,0.012,0.117,0.109
6-Aug,2024,0.012,0.104,0.103
13-Aug,2024,0.012,0.098,0.098
20-Aug,2024,0.012,0.093,0.095
27-Aug,2024,0.012,0.092,0.1
3-Sep,2024,0.012,0.091,0.097
10-Sep,2024,0.017,0.088,0.095
17-Sep,2024,0.023,0.086,0.09
24-Sep,2024,0.026,0.097,0.125
1-Oct,2024,0.023,0.087,0.097
8-Oct,2024,0.029,0.151,0.152
15-Oct,2024,0.02,0.11,0.11
22-Oct,2024,0.018,0.131,0.105
29-Oct,2024,0.017,0.115,0.097
5-Nov,2024,0.017,0.119,0.092
12-Nov,2024,0.015,0.1,0.087
19-Nov,2024,0.015,0.089,0.084
26-Nov,2024,0.012,0.085,0.081
3-Dec,2024,0.014,0.082,0.079
10-Dec,2024,0.011,0.079,0.078
17-Dec,2024,0.012,0.077,0.076
24-Dec,2024,0.009,0.065,0.065
1-Jan,2025,0.013,0.092,0.085
8-Jan,2025,0.01,0.089,0.083
15-Jan,2025,0.011,0.086,0.082
22-Jan,2025,0.01,0.083,0.08
29-Jan,2025,0.012,0.081,0.079
5-Feb,2025,0.01,0.079,0.078
12-Feb,2025,0.012,0.077,0.077
19-Feb,2025,0.01,0.076,0.076
26-Feb,2025,0.011,0.066,0.072
5-Mar,2025,0.01,0.073,0.074
12-Mar,2025,0.012,0.072,0.073
19-Mar,2025,0.011,0.072,0.073
26-Mar,2025,0.012,0.071,0.072
2-Apr,2025,0.012,0.071,0.071
9-Apr,2025,0.012,0.07,0.071
16-Apr,2025,0.011,0.069,0.07
23-Apr,2025,0.012,0.068,0.069
30-Apr,2025,0.011,0.067,0.068
7-May,2025,0.012,0.066,0.067
14-May,2025,0.012,0.065,0.067
21-May,2025,0.013,0.064,0.066
28-May,2025,0.012,0.064,0.066
4-Jun,2025,0.013,0.065,0.065
11-Jun,2025,0.013,0.065,0.065
18-Jun,2025,0.013,0.092,0.069
25-Jun,2025,0.012,0.11,0.081
2-Jul,2025,0.013,0.12,0.11
9-Jul,2025,0.012,0.111,0.094
16-Jul,2025,0.012,0.097,0.125
23-Jul,2025,0.012,0.116,0.116
30-Jul,2025,0.012,0.117,0.109
6-Aug,2025,0.012,0.104,0.103
13-Aug,2025,0.012,0.098,0.098
20-Aug,2025,0.012,0.093,0.095
27-Aug,2025,0.012,0.092,0.1
3-Sep,2025,0.012,0.091,0.097
10-Sep,2025,0.017,0.088,0.095
17-Sep,2025,0.023,0.086,0.09
24-Sep,2025,0.026,0.097,0.125
1-Oct,2025,0.023,0.087,0.097
8-Oct,2025,0.029,0.151,0.152
15-Oct,2025,0.02,0.11,0.11
22-Oct,2025,0.018,0.131,0.105
29-Oct,2025,0.017,0.115,0.097
5-Nov,2025,0.017,0.119,0.092
12-Nov,2025,0.015,0.1,0.087
19-Nov,2025,0.015,0.089,0.084
26-Nov,2025,0.012,0.085,0.081
3-Dec,2025,0.014,0.082,0.079
10-Dec,2025,0.011,0.079,0.078
17-Dec,2025,0.012,0.077,0.076
24-Dec,2025,0.009,0.065,0.065
1-Jan,2026,0.013,0.092,0.085
8-Jan,2026,0.01,0.089,0.083
15-Jan,2026,0.011,0.086,0.082
22-Jan,2026,0.01,0.083,0.08
29-Jan,2026,0.012,0.081,0.079
5-Feb,2026,0.01,0.079,0.078
12-Feb,2026,0.012,0.077,0.077
19-Feb,2026,0.01,0.076,0.076
26-Feb,2026,0.011,0.066,0.072
5-Mar,2026,0.01,0.073,0.074
12-Mar,2026,0.012,0.072,0.073
19-Mar,2026,0.011,0.072,0.073
26-Mar,2026,0.012,0.071,0.072
2-Apr,2026,0.012,0.071,0.071
9-Apr,2026,0.012,0.07,0.071
16-Apr,2026,0.011,0.069,0.07
23-Apr,2026,0.012,0.068,0.069
30-Apr,2026,0.011,0.067,0.068
7-May,2026,0.012,0.066,0.067
14-May,2026,0.012,0.065,0.067
21-May,2026,0.013,0.064,0.066
28-May,2026,0.012,0.064,0.066
4-Jun,2026,0.013,0.065,0.065
11-Jun,2026,0.013,0.065,0.065
18-Jun,2026,0.013,0.092,0.069
25-Jun,2026,0.012,0.11,0.081
2-Jul,2026,0.013,0.12,0.11
9-Jul,2026,0.012,0.111,0.094
16-Jul,2026,0.012,0.097,0.125
23-Jul,2026,0.012,0.116,0.116
30-Jul,2026,0.012,0.117,0.109
6-Aug,2026,0.012,0.104,0.103
13-Aug,2026,0.012,0.098,0.098
20-Aug,2026,0.012,0.093,0.095
27-Aug,2026,0.012,0.092,0.1
3-Sep,2026,0.012,0.091,0.097
10-Sep,2026,0.017,0.088,0.095
17-Sep,2026,0.023,0.086,0.09
24-Sep,2026,0.026,0.097,0.125
1-Oct,2026,0.023,0.087,0.097
8-Oct,2026,0.029,0.151,0.152
15-Oct,2026,0.02,0.11,0.11
22-Oct,2026,0.018,0.131,0.105
29-Oct,2026,0.017,0.115,0.097
5-Nov,2026,0.017,0.119,0.092
12-Nov,2026,0.015,0.1,0.087
19-Nov,2026,0.015,0.089,0.084
26-Nov,2026,0.012,0.085,0.081
3-Dec,2026,0.014,0.082,0.079
10-Dec,2026,0.011,0.079,0.078
17-Dec,2026,0.012,0.077,0.076
24-Dec,2026,0.009,0.065,0.065
1-Jan,2027,0.013,0.092,0.085
8-Jan,2027,0.01,0.089,0.083
15-Jan,2027,0.011,0.086,0.082
22-Jan,2027,0.01,0.083,0.08
29-Jan,2027,0.012,0.081,0.079
5-Feb,2027,0.01,0.079,0.078
12-Feb,2027,0.012,0.077,0.077
19-Feb,2027,0.01,0.076,0.076
26-Feb,2027,0.011,0.066,0.072
5-Mar,2027,0.01,0.073,0.074
12-Mar,2027,0.012,0.072,0.073
19-Mar,2027,0.011,0.072,0.073
26-Mar,2027,0.012,0.071,0.072
2-Apr,2027,0.012,0.071,0.071
9-Apr,2027,0.012,0.07,0.071
16-Apr,2027,0.011,0.069,0.07
23-Apr,2027,0.012,0.068,0.069
30-Apr,2027,0.011,0.067,0.068
7-May,2027,0.012,0.066,0.067
14-May,2027,0.012,0.065,0.067
21-May,2027,0.013,0.064,0.066
28-May,2027,0.012,0.064,0.066
4-Jun,2027,0.013,0.065,0.065
11-Jun,2027,0.013,0.065,0.065
18-Jun,2027,0.013,0.092,0.069
25-Jun,2027,0.012,0.11,0.081
2-Jul,2027,0.013,0.12,0.11
9-Jul,2027,0.012,0.111,0.094
16-Jul,2027,0.012,0.097,0.125
23-Jul,2027,0.012,0.116,0.116
30-Jul,2027,0.012,0.117,0.109
6-Aug,2027,0.012,0.104,0.103
13-Aug,2027,0.012,0.098,0.098
20-Aug,2027,0.012,0.093,0.095
27-Aug,2027,0.012,0.092,0.1
3-Sep,2027,0.012,0.091,0.097
10-Sep,2027,0.017,0.088,0.095
17-Sep,2027,0.023,0.086,0.09
24-Sep,2027,0.026,0.097,0.125
1-Oct,2027,0.023,0.087,0.097
8-Oct,2027,0.029,0.151,0.152
15-Oct,2027,0.02,0.11,0.11
22-Oct,2027,0.018,0.131,0.105
29-Oct,2027,0.017,0.115,0.097
5-Nov,2027,0.017,0.119,0.092
12-Nov,2027,0.015,0.1,0.087
19-Nov,2027,0.015,0.089,0.084
26-Nov,2027,0.012,0.085,0.081
3-Dec,2027,0.014,0.082,0.079
10-Dec,2027,0.011,0.079,0.078
17-Dec,2027,0.012,0.077,0.076
24-Dec,2027,0.009,0.065,0.065
1-Jan,2028,0.013,0.092,0.085
8-Jan,2028,0.01,0.089,0.083
15-Jan,2028,0.011,0.086,0.082
22-Jan,2028,0.01,0.083,0.08
29-Jan,2028,0.012,0.081,0.079
5-Feb,2028,0.01,0.079,0.078
12-Feb,2028,0.012,0.077,0.077
19-Feb,2028,0.01,0.076,0.076
26-Feb,2028,0.011,0.066,0.072
5-Mar,2028,0.01,0.073,0.074
12-Mar,2028,0.012,0.072,0.073
19-Mar,2028,0.011,0.072,0.073
26-Mar,2028,0.012,0.071,0.072
2-Apr,2028,0.012,0.071,0.071
9-Apr,2028,0.012,0.07,0.071
16-Apr,2028,0.011,0.069,0.07
23-Apr,2028,0.012,0.068,0.069
30-Apr,2028,0.011,0.067,0.068
7-May,2028,0.012,0.066,0.067
14-May,2028,0.012,0.065,0.067
21-May,2028,0.013,0.064,0.066
28-May,2028,0.012,0.064,0.066
4-Jun,2028,0.013,0.065,0.065
11-Jun,2028,0.013,0.065,0.065
18-Jun,2028,0.013,0.092,0.069
25-Jun,2028,0.012,0.11,0.081
2-Jul,2028,0.013,0.12,0.11
9-Jul,2028,0.012,0.111,0.094
16-Jul,2028,0.012,0.097,0.125
23-Jul,2028,0.012,0.116,0.116
30-Jul,2028,0.012,0.117,0.109
6-Aug,2028,0.012,0.104,0.103
13-Aug,2028,0.012,0.098,0.098
20-Aug,2028,0.012,0.093,0.095
27-Aug,2028,0.012,0.092,0.1
3-Sep,2028,0.012,0.091,0.097
10-Sep,2028,0.017,0.088,0.095
17-Sep,2028,0.023,0.086,0.09
24-Sep,2028,0.026,0.097,0.125
1-Oct,2028,0.023,0.087,0.097
8-Oct,2028,0.029,0.151,0.152
15-Oct,2028,0.02,0.11,0.11
22-Oct,2028,0.018,0.131,0.105
29-Oct,2028,0.017,0.115,0.097
5-Nov,2028,0.017,0.119,0.092
12-Nov,2028,0.015,0.1,0.087
19-Nov,2028,0.015,0.089,0.084
26-Nov,2028,0.012,0.085,0.081
3-Dec,2028,0.014,0.082,0.079
10-Dec,2028,0.011,0.079,0.078
17-Dec,2028,0.012,0.077,0.076
24-Dec,2028,0.009,0.065,0.065
1-Jan,2029,0.013,0.092,0.085
8-Jan,2029,0.01,0.089,0.083
15-Jan,2029,0.011,0.086,0.082
22-Jan,2029,0.01,0.083,0.08
29-Jan,2029,0.012,0.081,0.079
5-Feb,2029,0.01,0.079,0.078
12-Feb,2029,0.012,0.077,0.077
19-Feb,2029,0.01,0.076,0.076
26-Feb,2029,0.011,0.066,0.072
5-Mar,2029,0.01,0.073,0.074
12-Mar,2029,0.012,0.072,0.073
19-Mar,2029,0.011,0.072,0.073
26-Mar,2029,0.012,0.071,0.072
2-Apr,2029,0.012,0.071,0.071
9-Apr,2029,0.012,0.07,0.071
16-Apr,2029,0.011,0.069,0.07
23-Apr,2029,0.012,0.068,0.069
30-Apr,2029,0.011,0.067,0.068
7-May,2029,0.012,0.066,0.067
14-May,2029,0.012,0.065,0.067
21-May,2029,0.013,0.064,0.066
28-May,2029,0.012,0.064,0.066
4-Jun,2029,0.013,0.065,0.065
11-Jun,2029,0.013,0.065,0.065
18-Jun,2029,0.013,0.092,0.069
25-Jun,2029,0.012,0.11,0.081
2-Jul,2029,0.013,0.12,0.11
9-Jul,2029,0.012,0.111,0.094
16-Jul,2029,0.012,0.097,0.125
23-Jul,2029,0.012,0.116,0.116
30-Jul,2029,0.012,0.117,0.109
6-Aug,2029,0.012,0.104,0.103
13-Aug,2029,0.012,0.098,0.098
20-Aug,2029,0.012,0.093,0.095
27-Aug,2029,0.012,0.092,0.1
3-Sep,2029,0.012,0.091,0.097
10-Sep,2029,0.017,0.088,0.095
17-Sep,2029,0.023,0.086,0.09
24-Sep,2029,0.026,0.097,0.125
1-Oct,2029,0.023,0.087,0.097
8-Oct,2029,0.029,0.151,0.152
15-Oct,2029,0.02,0.11,0.11
22-Oct,2029,0.018,0.131,0.105
29-Oct,2029,0.017,0.115,0.097
5-Nov,2029,0.017,0.119,0.092
12-Nov,2029,0.015,0.1,0.087
19-Nov,2029,0.015,0.089,0.084
26-Nov,2029,0.012,0.085,0.081
3-Dec,2029,0.014,0.082,0.079
10-Dec,2029,0.011,0.079,0.078
17-Dec,2029,0.012,0.077,0.076
24-Dec,2029,0.009,0.065,0.065
1-Jan,2030,0.013,0.092,0.085
8-Jan,2030,0.01,0.089,0.083
15-Jan,2030,0.011,0.086,0.082
22-Jan,2030,0.01,0.083,0.08
29-Jan,2030,0.012,0.081,0.079
5-Feb,2030,0.01,0.079,0.078
12-Feb,2030,0.012,0.077,0.077
19-Feb,2030,0.01,0.076,0.076
26-Feb,2030,0.011,0.066,0.072
5-Mar,2030,0.01,0.073,0.074
12-Mar,2030,0.012,0.072,0.073
19-Mar,2030,0.011,0.072,0.073
26-Mar,2030,0.012,0.071,0.072
2-Apr,2030,0.012,0.071,0.071
9-Apr,2030,0.012,0.07,0.071
16-Apr,2030,0.011,0.069,0.07
23-Apr,2030,0.012,0.068,0.069
30-Apr,2030,0.011,0.067,0.068
7-May,2030,0.012,0.066,0.067
14-May,2030,0.012,0.065,0.067
21-May,2030,0.013,0.064,0.066
28-May,2030,0.012,0.064,0.066
4-Jun,2030,0.013,0.065,0.065
11-Jun,2030,0.013,0.065,0.065
18-Jun,2030,0.013,0.092,0.069
25-Jun,2030,0.012,0.11,0.081
2-Jul,2030,0.013,0.12,0.11
9-Jul,2030,0.012,0.111,0.094
16-Jul,2030,0.012,0.097,0.125
23-Jul,2030,0.012,0.116,0.116
30-Jul,2030,0.012,0.117,0.109
6-Aug,2030,0.012,0.104,0.103
13-Aug,2030,0.012,0.098,0.098
20-Aug,2030,0.012,0.093,0.095
27-Aug,2030,0.012,0.092,0.1
3-Sep,2030,0.012,0.091,0.097
10-Sep,2030,0.017,0.088,0.095
17-Sep,2030,0.023,0.086,0.09
24-Sep,2030,0.026,0.097,0.125
1-Oct,2030,0.023,0.087,0.097
8-Oct,2030,0.029,0.151,0.152
15-Oct,2030,0.02,0.11,0.11
22-Oct,2030,0.018,0.131,0.105
29-Oct,2030,0.017,0.115,0.097
5-Nov,2030,0.017,0.119,0.092
12-Nov,2030,0.015,0.1,0.087
19-Nov,2030,0.015,0.089,0.084
26-Nov,2030,0.012,0.085,0.081
3-Dec,2030,0.014,0.082,0.079
10-Dec,2030,0.011,0.079,0.078
17-Dec,2030,0.012,0.077,0.076
24-Dec,2030,0.009,0.065,0.065
1-Jan,2031,0.013,0.092,0.085
8-Jan,2031,0.01,0.089,0.083
15-Jan,2031,0.011,0.086,0.082
22-Jan,2031,0.01,0.083,0.08
29-Jan,2031,0.012,0.081,0.079
5-Feb,2031,0.01,0.079,0.078
12-Feb,2031,0.012,0.077,0.077
19-Feb,2031,0.01,0.076,0.076
26-Feb,2031,0.011,0.066,0.072
5-Mar,2031,0.01,0.073,0.074
12-Mar,2031,0.012,0.072,0.073
19-Mar,2031,0.011,0.072,0.073
26-Mar,2031,0.012,0.071,0.072
2-Apr,2031,0.012,0.071,0.071
9-Apr,2031,0.012,0.07,0.071
16-Apr,2031,0.011,0.069,0.07
23-Apr,2031,0.012,0.068,0.069
30-Apr,2031,0.011,0.067,0.068
7-May,2031,0.012,0.066,0.067
14-May,2031,0.012,0.065,0.067
21-May,2031,0.013,0.064,0.066
28-May,2031,0.012,0.064,0.066
4-Jun,2031,0.013,0.065,0.065
11-Jun,2031,0.013,0.065,0.065
18-Jun,2031,0.013,0.092,0.069
25-Jun,2031,0.012,0.11,0.081
2-Jul,2031,0.013,0.12,0.11
9-Jul,2031,0.012,0.111,0.094
16-Jul,2031,0.012,0.097,0.125
23-Jul,2031,0.012,0.116,0.116
30-Jul,2031,0.012,0.117,0.109
6-Aug,2031,0.012,0.104,0.103
13-Aug,2031,0.012,0.098,0.098
20-Aug,2031,0.012,0.093,0.095
27-Aug,2031,0.012,0.092,0.1
3-Sep,2031,0.012,0.091,0.097
10-Sep,2031,0.017,0.088,0.095
17-Sep,2031,0.023,0.086,0.09
24-Sep,2031,0.026,0.097,0.125
1-Oct,2031,0.023,0.087,0.097
8-Oct,2031,0.029,0.151,0.152
15-Oct,2031,0.02,0.11,0.11
22-Oct,2031,0.018,0.131,0.105
29-Oct,2031,0.017,0.115,0.097
5-Nov,2031,0.017,0.119,0.092
12-Nov,2031,0.015,0.1,0.087
19-Nov,2031,0.015,0.089,0.084
26-Nov,2031,0.012,0.085,0.081
3-Dec,2031,0.014,0.082,0.079
10-Dec,2031,0.011,0.079,0.078
17-Dec,2031,0.012,0.077,0.076
24-Dec,2031,0.009,0.065,0.065
1-Jan,2032,0.013,0.092,0.085
8-Jan,2032,0.01,0.089,0.083
15-Jan,2032,0.011,0.086,0.082
22-Jan,2032,0.01,0.083,0.08
29-Jan,2032,0.012,0.081,0.079
5-Feb,2032,0.01,0.079,0.078
12-Feb,2032,0.012,0.077,0.077
19-Feb,2032,0.01,0.076,0.076
26-Feb,2032,0.011,0.066,0.072
5-Mar,2032,0.01,0.073,0.074
12-Mar,2032,0.012,0.072,0.073
19-Mar,2032,0.011,0.072,0.073
26-Mar,2032,0.012,0.071,0.072
2-Apr,2032,0.012,0.071,0.071
9-Apr,2032,0.012,0.07,0.071
16-Apr,2032,0.011,0.069,0.07
23-Apr,2032,0.012,0.068,0.069
30-Apr,2032,0.011,0.067,0.068
7-May,2032,0.012,0.066,0.067
14-May,2032,0.012,0.065,0.067
21-May,2032,0.013,0.064,0.066
28-May,2032,0.012,0.064,0.066
4-Jun,2032,0.013,0.065,0.065
11-Jun,2032,0.013,0.065,0.065
18-Jun,2032,0.013,0.092,0.069
25-Jun,2032,0.012,0.11,0.081
2-Jul,2032,0.013,0.12,0.11
9-Jul,2032,0.012,0.111,0.094
16-Jul,2032,0.012,0.097,0.125
23-Jul,2032,0.012,0.116,0.116
30-Jul,2032,0.012,0.117,0.109
6-Aug,2032,0.012,0.104,0.103
13-Aug,2032,0.012,0.098,0.098
20-Aug,2032,0.012,0.093,0.095
27-Aug,2032,0.012,0.092,0.1
3-Sep,2032,0.012,0.091,0.097
10-Sep,2032,0.017,0.088,0.095
17-Sep,2032,0.023,0.086,0.09
24-Sep,2032,0.026,0.097,0.125
1-Oct,2032,0.023,0.087,0.097
8-Oct,2032,0.029,0.151,0.152
15-Oct,2032,0.02,0.11,0.11
22-Oct,2032,0.018,0.131,0.105
29-Oct,2032,0.017,0.115,0.097
5-Nov,2032,0.017,0.119,0.092
12-Nov,2032,0.015,0.1,0.087
19-Nov,2032,0.015,0.089,0.084
26-Nov,2032,0.012,0.085,0.081
3-Dec,2032,0.014,0.082,0.079
10-Dec,2032,0.011,0.079,0.078
17-Dec,2032,0.012,0.077,0.076
24-Dec,2032,0.009,0.065,0.065
1-Jan,2033,0.013,0.092,0.085
8-Jan,2033,0.01,0.089,0.083
15-Jan,2033,0.011,0.086,0.082
22-Jan,2033,0.01,0.083,0.08
29-Jan,2033,0.012,0.081,0.079
5-Feb,2033,0.01,0.079,0.078
12-Feb,2033,0.012,0.077,0.077
19-Feb,2033,0.01,0.076,0.076
26-Feb,2033,0.011,0.066,0.072
5-Mar,2033,0.01,0.073,0.074
12-Mar,2033,0.012,0.072,0.073
19-Mar,2033,0.011,0.072,0.073
26-Mar,2033,0.012,0.071,0.072
2-Apr,2033,0.012,0.071,0.071
9-Apr,2033,0.012,0.07,0.071
16-Apr,2033,0.011,0.069,0.07
23-Apr,2033,0.012,0.068,0.069
30-Apr,2033,0.011,0.067,0.068
7-May,2033,0.012,0.066,0.067
14-May,2033,0.012,0.065,0.067
21-May,2033,0.013,0.064,0.066
28-May,2033,0.012,0.064,0.066
4-Jun,2033,0.013,0.065,0.065
11-Jun,2033,0.013,0.065,0.065
18-Jun,2033,0.013,0.092,0.069
25-Jun,2033,0.012,0.11,0.081
2-Jul,2033,0.013,0.12,0.11
9-Jul,2033,0.012,0.111,0.094
16-Jul,2033,0.012,0.097,0.125
23-Jul,2033,0.012,0.116,0.116
30-Jul,2033,0.012,0.117,0.109
6-Aug,2033,0.012,0.104,0.103
13-Aug,2033,0.012,0.098,0.098
20-Aug,2033,0.012,0.093,0.095
27-Aug,2033,0.012,0.092,0.1
3-Sep,2033,0.012,0.091,0.097
10-Sep,2033,0.017,0.088,0.095
17-Sep,2033,0.023,0.086,0.09
24-Sep,2033,0.026,0.097,0.125
1-Oct,2033,0.023,0.087,0.097
8-Oct,2033,0.029,0.151,0.152
15-Oct,2033,0.02,0.11,0.11
22-Oct,2033,0.018,0.131,0.105
29-Oct,2033,0.017,0.115,0.097
5-Nov,2033,0.017,0.119,0.092
12-Nov,2033,0.015,0.1,0.087
19-Nov,2033,0.015,0.089,0.084
26-Nov,2033,0.012,0.085,0.081
3-Dec,2033,0.014,0.082,0.079
10-Dec,2033,0.011,0.079,0.078
17-Dec,2033,0.012,0.077,0.076
24-Dec,2033,0.009,0.065,0.065
1-Jan,2034,0.013,0.092,0.085
8-Jan,2034,0.01,0.089,0.083
15-Jan,2034,0.011,0.086,0.082
22-Jan,2034,0.01,0.083,0.08
29-Jan,2034,0.012,0.081,0.079
5-Feb,2034,0.01,0.079,0.078
12-Feb,2034,0.012,0.077,0.077
19-Feb,2034,0.01,0.076,0.076
26-Feb,2034,0.011,0.066,0.072
5-Mar,2034,0.01,0.073,0.074
12-Mar,2034,0.012,0.072,0.073
19-Mar,2034,0.011,0.072,0.073
26-Mar,2034,0.012,0.071,0.072
2-Apr,2034,0.012,0.071,0.071
9-Apr,2034,0.012,0.07,0.071
16-Apr,2034,0.011,0.069,0.07
23-Apr,2034,0.012,0.068,0.069
30-Apr,2034,0.011,0.067,0.068
7-May,2034,0.012,0.066,0.067
14-May,2034,0.012,0.065,0.067
21-May,2034,0.013,0.064,0.066
28-May,2034,0.012,0.064,0.066
4-Jun,2034,0.013,0.065,0.065
11-Jun,2034,0.013,0.065,0.065
18-Jun,2034,0.013,0.092,0.069
25-Jun,2034,0.012,0.11,0.081
2-Jul,2034,0.013,0.12,0.11
9-Jul,2034,0.012,0.111,0.094
16-Jul,2034,0.012,0.097,0.125
23-Jul,2034,0.012,0.116,0.116
30-Jul,2034,0.012,0.117,0.109
6-Aug,2034,0.012,0.104,0.103
13-Aug,2034,0.012,0.098,0.098
20-Aug,2034,0.012,0.093,0.095
27-Aug,2034,0.012,0.092,0.1
3-Sep,2034,0.012,0.091,0.097
10-Sep,2034,0.017,0.088,0.095
17-Sep,2034,0.023,0.086,0.09
24-Sep,2034,0.026,0.097,0.125
1-Oct,2034,0.023,0.087,0.097
8-Oct,2034,0.029,0.151,0.152
15-Oct,2034,0.02,0.11,0.11
22-Oct,2034,0.018,0.131,0.105
29-Oct,2034,0.017,0.115,0.097
5-Nov,2034,0.017,0.119,0.092
12-Nov,2034,0.015,0.1,0.087
19-Nov,2034,0.015,0.089,0.084
26-Nov,2034,0.012,0.085,0.081
3-Dec,2034,0.014,0.082,0.079
10-Dec,2034,0.011,0.079,0.078
17-Dec,2034,0.012,0.077,0.076
24-Dec,2034,0.009,0.065,0.065
1-Jan,2035,0.013,0.092,0.085
8-Jan,2035,0.01,0.089,0.083
15-Jan,2035,0.011,0.086,0.082
22-Jan,2035,0.01,0.083,0.08
29-Jan,2035,0.012,0.081,0.079
5-Feb,2035,0.01,0.079,0.078
12-Feb,2035,0.012,0.077,0.077
19-Feb,2035,0.01,0.076,0.076
26-Feb,2035,0.011,0.066,0.072
5-Mar,2035,0.01,0.073,0.074
12-Mar,2035,0.012,0.072,0.073
19-Mar,2035,0.011,0.072,0.073
26-Mar,2035,0.012,0.071,0.072
2-Apr,2035,0.012,0.071,0.071
9-Apr,2035,0.012,0.07,0.071
16-Apr,2035,0.011,0.069,0.07
23-Apr,2035,0.012,0.068,0.069
30-Apr,2035,0.011,0.067,0.068
7-May,2035,0.012,0.066,0.067
14-May,2035,0.012,0.065,0.067
21-May,2035,0.013,0.064,0.066
28-May,2035,0.012,0.064,0.066
4-Jun,2035,0.013,0.065,0.065
11-Jun,2035,0.013,0.065,0.065
18-Jun,2035,0.013,0.092,0.069
25-Jun,2035,0.012,0.11,0.081
2-Jul,2035,0.013,0.12,0.11
9-Jul,2035,0.012,0.111,0.094
16-Jul,2035,0.012,0.097,0.125
23-Jul,2035,0.012,0.116,0.116
30-Jul,2035,0.012,0.117,0.109
6-Aug,2035,0.012,0.104,0.103
13-Aug,2035,0.012,0.098,0.098
20-Aug,2035,0.012,0.093,0.095
27-Aug,2035,0.012,0.092,0.1
3-Sep,2035,0.012,0.091,0.097
10-Sep,2035,0.017,0.088,0.095
17-Sep,2035,0.023,0.086,0.09
24-Sep,2035,0.026,0.097,0.125
1-Oct,2035,0.023,0.087,0.097
8-Oct,2035,0.029,0.151,0.152
15-Oct,2035,0.02,0.11,0.11
22-Oct,2035,0.018,0.131,0.105
29-Oct,2035,0.017,0.115,0.097
5-Nov,2035,0.017,0.119,0.092
12-Nov,2035,0.015,0.1,0.087
19-Nov,2035,0.015,0.089,0.084
26-Nov,2035,0.012,0.085,0.081
3-Dec,2035,0.014,0.082,0.079
10-Dec,2035,0.011,0.079,0.078
17-Dec,2035,0.012,0.077,0.076
24-Dec,2035,0.009,0.065,0.065
1-Jan,2036,0.013,0.092,0.085
8-Jan,2036,0.01,0.089,0.083
15-Jan,2036,0.011,0.086,0.082
22-Jan,2036,0.01,0.083,0.08
29-Jan,2036,0.012,0.081,0.079
5-Feb,2036,0.01,0.079,0.078
12-Feb,2036,0.012,0.077,0.077
19-Feb,2036,0.01,0.076,0.076
26-Feb,2036,0.011,0.066,0.072
5-Mar,2036,0.01,0.073,0.074
12-Mar,2036,0.012,0.072,0.073
19-Mar,2036,0.011,0.072,0.073
26-Mar,2036,0.012,0.071,0.072
2-Apr,2036,0.012,0.071,0.071
9-Apr,2036,0.012,0.07,0.071
16-Apr,2036,0.011,0.069,0.07
23-Apr,2036,0.012,0.068,0.069
30-Apr,2036,0.011,0.067,0.068
7-May,2036,0.012,0.066,0.067
14-May,2036,0.012,0.065,0.067
21-May,2036,0.013,0.064,0.066
28-May,2036,0.012,0.064,0.066
4-Jun,2036,0.013,0.065,0.065
11-Jun,2036,0.013,0.065,0.065
18-Jun,2036,0.013,0.092,0.069
25-Jun,2036,0.012,0.11,0.081
2-Jul,2036,0.013,0.12,0.11
9-Jul,2036,0.012,0.111,0.094
16-Jul,2036,0.012,0.097,0.125
23-Jul,2036,0.012,0.116,0.116
30-Jul,2036,0.012,0.117,0.109
6-Aug,2036,0.012,0.104,0.103
13-Aug,2036,0.012,0.098,0.098
20-Aug,2036,0.012,0.093,0.095
27-Aug,2036,0.012,0.092,0.1
3-Sep,2036,0.012,0.091,0.097
10-Sep,2036,0.017,0.088,0.095
17-Sep,2036,0.023,0.086,0.09
24-Sep,2036,0.026,0.097,0.125
1-Oct,2036,0.023,0.087,0.097
8-Oct,2036,0.029,0.151,0.152
15-Oct,2036,0.02,0.11,0.11
22-Oct,2036,0.018,0.131,0.105
29-Oct,2036,0.017,0.115,0.097
5-Nov,2036,0.017,0.119,0.092
12-Nov,2036,0.015,0.1,0.087
19-Nov,2036,0.015,0.089,0.084
26-Nov,2036,0.012,0.085,0.081
3-Dec,2036,0.014,0.082,0.079
10-Dec,2036,0.011,0.079,0.078
17-Dec,2036,0.012,0.077,0.076
24-Dec,2036,0.009,0.065,0.065
1-Jan,2037,0.013,0.092,0.085
8-Jan,2037,0.01,0.089,0.083
15-Jan,2037,0.011,0.086,0.082
22-Jan,2037,0.01,0.083,0.08
29-Jan,2037,0.012,0.081,0.079
5-Feb,2037,0.01,0.079,0.078
12-Feb,2037,0.012,0.077,0.077
19-Feb,2037,0.01,0.076,0.076
26-Feb,2037,0.011,0.066,0.072
5-Mar,2037,0.01,0.073,0.074
12-Mar,2037,0.012,0.072,0.073
19-Mar,2037,0.011,0.072,0.073
26-Mar,2037,0.012,0.071,0.072
2-Apr,2037,0.012,0.071,0.071
9-Apr,2037,0.012,0.07,0.071
16-Apr,2037,0.011,0.069,0.07
23-Apr,2037,0.012,0.068,0.069
30-Apr,2037,0.011,0.067,0.068
7-May,2037,0.012,0.066,0.067
14-May,2037,0.012,0.065,0.067
21-May,2037,0.013,0.064,0.066
28-May,2037,0.012,0.064,0.066
4-Jun,2037,0.013,0.065,0.065
11-Jun,2037,0.013,0.065,0.065
18-Jun,2037,0.013,0.092,0.069
25-Jun,2037,0.012,0.11,0.081
2-Jul,2037,0.013,0.12,0.11
9-Jul,2037,0.012,0.111,0.094
16-Jul,2037,0.012,0.097,0.125
23-Jul,2037,0.012,0.116,0.116
30-Jul,2037,0.012,0.117,0.109
6-Aug,2037,0.012,0.104,0.103
13-Aug,2037,0.012,0.098,0.098
20-Aug,2037,0.012,0.093,0.095
27-Aug,2037,0.012,0.092,0.1
3-Sep,2037,0.012,0.091,0.097
10-Sep,2037,0.017,0.088,0.095
17-Sep,2037,0.023,0.086,0.09
24-Sep,2037,0.026,0.097,0.125
1-Oct,2037,0.023,0.087,0.097
8-Oct,2037,0.029,0.151,0.152
15-Oct,2037,0.02,0.11,0.11
22-Oct,2037,0.018,0.131,0.105
29-Oct,2037,0.017,0.115,0.097
5-Nov,2037,0.017,0.119,0.092
12-Nov,2037,0.015,0.1,0.087
19-Nov,2037,0.015,0.089,0.084
26-Nov,2037,0.012,0.085,0.081
3-Dec,2037,0.014,0.082,0.079
10-Dec,2037,0.011,0.079,0.078
17-Dec,2037,0.012,0.077,0.076
24-Dec,2037,0.009,0.065,0.065
1-Jan,2038,0.013,0.092,0.085
8-Jan,2038,0.01,0.089,0.083
15-Jan,2038,0.011,0.086,0.082
22-Jan,2038,0.01,0.083,0.08
29-Jan,2038,0.012,0.081,0.079
5-Feb,2038,0.01,0.079,0.078
12-Feb,2038,0.012,0.077,0.077
19-Feb,2038,0.01,0.076,0.076
26-Feb,2038,0.011,0.066,0.072
5-Mar,2038,0.01,0.073,0.074
12-Mar,2038,0.012,0.072,0.073
19-Mar,2038,0.011,0.072,0.073
26-Mar,2038,0.012,0.071,0.072
2-Apr,2038,0.012,0.071,0.071
9-Apr,2038,0.012,0.07,0.071
16-Apr,2038,0.011,0.069,0.07
23-Apr,2038,0.012,0.068,0.069
30-Apr,2038,0.011,0.067,0.068
7-May,2038,0.012,0.066,0.067
14-May,2038,0.012,0.065,0.067
21-May,2038,0.013,0.064,0.066
28-May,2038,0.012,0.064,0.066
4-Jun,2038,0.013,0.065,0.065
11-Jun,2038,0.013,0.065,0.065
18-Jun,2038,0.013,0.092,0.069
25-Jun,2038,0.012,0.11,0.081
2-Jul,2038,0.013,0.12,0.11
9-Jul,2038,0.012,0.111,0.094
16-Jul,2038,0.012,0.097,0.125
23-Jul,2038,0.012,0.116,0.116
30-Jul,2038,0.012,0.117,0.109
6-Aug,2038,0.012,0.104,0.103
13-Aug,2038,0.012,0.098,0.098
20-Aug,2038,0.012,0.093,0.095
27-Aug,2038,0.012,0.092,0.1
3-Sep,2038,0.012,0.091,0.097
10-Sep,2038,0.017,0.088,0.095
17-Sep,2038,0.023,0.086,0.09
24-Sep,2038,0.026,0.097,0.125
1-Oct,2038,0.023,0.087,0.097
8-Oct,2038,0.029,0.151,0.152
15-Oct,2038,0.02,0.11,0.11
22-Oct,2038,0.018,0.131,0.105
29-Oct,2038,0.017,0.115,0.097
5-Nov,2038,0.017,0.119,0.092
12-Nov,2038,0.015,0.1,0.087
19-Nov,2038,0.015,0.089,0.084
26-Nov,2038,0.012,0.085,0.081
3-Dec,2038,0.014,0.082,0.079
10-Dec,2038,0.011,0.079,0.078
17-Dec,2038,0.012,0.077,0.076
24-Dec,2038,0.009,0.065,0.065
1-Jan,2039,0.013,0.092,0.085
8-Jan,2039,0.01,0.089,0.083
15-Jan,2039,0.011,0.086,0.082
22-Jan,2039,0.01,0.083,0.08
29-Jan,2039,0.012,0.081,0.079
5-Feb,2039,0.01,0.079,0.078
12-Feb,2039,0.012,0.077,0.077
19-Feb,2039,0.01,0.076,0.076
26-Feb,2039,0.011,0.066,0.072
5-Mar,2039,0.01,0.073,0.074
12-Mar,2039,0.012,0.072,0.073
19-Mar,2039,0.011,0.072,0.073
26-Mar,2039,0.012,0.071,0.072
2-Apr,2039,0.012,0.071,0.071
9-Apr,2039,0.012,0.07,0.071
16-Apr,2039,0.011,0.069,0.07
23-Apr,2039,0.012,0.068,0.069
30-Apr,2039,0.011,0.067,0.068
7-May,2039,0.012,0.066,0.067
14-May,2039,0.012,0.065,0.067
21-May,2039,0.013,0.064,0.066
28-May,2039,0.012,0.064,0.066
4-Jun,2039,0.013,0.065,0.065
11-Jun,2039,0.013,0.065,0.065
18-Jun,2039,0.013,0.092,0.069
25-Jun,2039,0.012,0.11,0.081
2-Jul,2039,0.013,0.12,0.11
9-Jul,2039,0.012,0.111,0.094
16-Jul,2039,0.012,0.097,0.125
23-Jul,2039,0.012,0.116,0.116
30-Jul,2039,0.012,0.117,0.109
6-Aug,2039,0.012,0.104,0.103
13-Aug,2039,0.012,0.098,0.098
20-Aug,2039,0.012,0.093,0.095
27-Aug,2039,0.012,0.092,0.1
3-Sep,2039,0.012,0.091,0.097
10-Sep,2039,0.017,0.088,0.095
17-Sep,2039,0.023,0.086,0.09
24-Sep,2039,0.026,0.097,0.125
1-Oct,2039,0.023,0.087,0.097
8-Oct,2039,0.029,0.151,0.152
15-Oct,2039,0.02,0.11,0.11
22-Oct,2039,0.018,0.131,0.105
29-Oct,2039,0.017,0.115,0.097
5-Nov,2039,0.017,0.119,0.092
12-Nov,2039,0.015,0.1,0.087
19-Nov,2039,0.015,0.089,0.084
26-Nov,2039,0.012,0.085,0.081
3-Dec,2039,0.014,0.082,0.079
10-Dec,2039,0.011,0.079,0.078
17-Dec,2039,0.012,0.077,0.076
24-Dec,2039,0.009,0.065,0.065
1-Jan,2040,0.013,0.092,0.085
8-Jan,2040,0.01,0.089,0.083
15-Jan,2040,0.011,0.086,0.082
22-Jan,2040,0.01,0.083,0.08
29-Jan,2040,0.012,0.081,0.079
5-Feb,2040,0.01,0.079,0.078
12-Feb,2040,0.012,0.077,0.077
19-Feb,2040,0.01,0.076,0.076
26-Feb,2040,0.011,0.066,0.072
5-Mar,2040,0.01,0.073,0.074
12-Mar,2040,0.012,0.072,0.073
19-Mar,2040,0.011,0.072,0.073
26-Mar,2040,0.012,0.071,0.072
2-Apr,2040,0.012,0.071,0.071
9-Apr,2040,0.012,0.07,0.071
16-Apr,2040,0.011,0.069,0.07
23-Apr,2040,0.012,0.068,0.069
30-Apr,2040,0.011,0.067,0.068
7-May,2040,0.012,0.066,0.067
14-May,2040,0.012,0.065,0.067
21-May,2040,0.013,0.064,0.066
28-May,2040,0.012,0.064,0.066
4-Jun,2040,0.013,0.065,0.065
11-Jun,2040,0.013,0.065,0.065
18-Jun,2040,0.013,0.092,0.069
25-Jun,2040,0.012,0.11,0.081
2-Jul,2040,0.013,0.12,0.11
9-Jul,2040,0.012,0.111,0.094
16-Jul,2040,0.012,0.097,0.125
23-Jul,2040,0.012,0.116,0.116
30-Jul,2040,0.012,0.117,0.109
6-Aug,2040,0.012,0.104,0.103
13-Aug,2040,0.012,0.098,0.098
20-Aug,2040,0.012,0.093,0.095
27-Aug,2040,0.012,0.092,0.1
3-Sep,2040,0.012,0.091,0.097
10-Sep,2040,0.017,0.088,0.095
17-Sep,2040,0.023,0.086,0.09
24-Sep,2040,0.026,0.097,0.125
1-Oct,2040,0.023,0.087,0.097
8-Oct,2040,0.029,0.151,0.152
15-Oct,2040,0.02,0.11,0.11
22-Oct,2040,0.018,0.131,0.105
29-Oct,2040,0.017,0.115,0.097
5-Nov,2040,0.017,0.119,0.092
12-Nov,2040,0.015,0.1,0.087
19-Nov,2040,0.015,0.089,0.084
26-Nov,2040,0.012,0.085,0.081
3-Dec,2040,0.014,0.082,0.079
10-Dec,2040,0.011,0.079,0.078
17-Dec,2040,0.012,0.077,0.076
24-Dec,2040,0.009,0.065,0.065
1-Jan,2041,0.013,0.092,0.085
8-Jan,2041,0.01,0.089,0.083
15-Jan,2041,0.011,0.086,0.082
22-Jan,2041,0.01,0.083,0.08
29-Jan,2041,0.012,0.081,0.079
5-Feb,2041,0.01,0.079,0.078
12-Feb,2041,0.012,0.077,0.077
19-Feb,2041,0.01,0.076,0.076
26-Feb,2041,0.011,0.066,0.072
5-Mar,2041,0.01,0.073,0.074
12-Mar,2041,0.012,0.072,0.073
19-Mar,2041,0.011,0.072,0.073
26-Mar,2041,0.012,0.071,0.072
2-Apr,2041,0.012,0.071,0.071
9-Apr,2041,0.012,0.07,0.071
16-Apr,2041,0.011,0.069,0.07
23-Apr,2041,0.012,0.068,0.069
30-Apr,2041,0.011,0.067,0.068
7-May,2041,0.012,0.066,0.067
14-May,2041,0.012,0.065,0.067
21-May,2041,0.013,0.064,0.066
28-May,2041,0.012,0.064,0.066
4-Jun,2041,0.013,0.065,0.065
11-Jun,2041,0.013,0.065,0.065
18-Jun,2041,0.013,0.092,0.069
25-Jun,2041,0.012,0.11,0.081
2-Jul,2041,0.013,0.12,0.11
9-Jul,2041,0.012,0.111,0.094
16-Jul,2041,0.012,0.097,0.125
23-Jul,2041,0.012,0.116,0.116
30-Jul,2041,0.012,0.117,0.109
6-Aug,2041,0.012,0.104,0.103
13-Aug,2041,0.012,0.098,0.098
20-Aug,2041,0.012,0.093,0.095
27-Aug,2041,0.012,0.092,0.1
3-Sep,2041,0.012,0.091,0.097
10-Sep,2041,0.017,0.088,0.095
17-Sep,2041,0.023,0.086,0.09
24-Sep,2041,0.026,0.097,0.125
1-Oct,2041,0.023,0.087,0.097
8-Oct,2041,0.029,0.151,0.152
15-Oct,2041,0.02,0.11,0.11
22-Oct,2041,0.018,0.131,0.105
29-Oct,2041,0.017,0.115,0.097
5-Nov,2041,0.017,0.119,0.092
12-Nov,2041,0.015,0.1,0.087
19-Nov,2041,0.015,0.089,0.084
26-Nov,2041,0.012,0.085,0.081
3-Dec,2041,0.014,0.082,0.079
10-Dec,2041,0.011,0.079,0.078
17-Dec,2041,0.012,0.077,0.076
24-Dec,2041,0.009,0.065,0.065
1-Jan,2042,0.013,0.092,0.085
8-Jan,2042,0.01,0.089,0.083
15-Jan,2042,0.011,0.086,0.082
22-Jan,2042,0.01,0.083,0.08
29-Jan,2042,0.012,0.081,0.079
5-Feb,2042,0.01,0.079,0.078
12-Feb,2042,0.012,0.077,0.077
19-Feb,2042,0.01,0.076,0.076
26-Feb,2042,0.011,0.066,0.072
5-Mar,2042,0.01,0.073,0.074
12-Mar,2042,0.012,0.072,0.073
19-Mar,2042,0.011,0.072,0.073
26-Mar,2042,0.012,0.071,0.072
2-Apr,2042,0.012,0.071,0.071
9-Apr,2042,0.012,0.07,0.071
16-Apr,2042,0.011,0.069,0.07
23-Apr,2042,0.012,0.068,0.069
30-Apr,2042,0.011,0.067,0.068
7-May,2042,0.012,0.066,0.067
14-May,2042,0.012,0.065,0.067
21-May,2042,0.013,0.064,0.066
28-May,2042,0.012,0.064,0.066
4-Jun,2042,0.013,0.065,0.065
11-Jun,2042,0.013,0.065,0.065
18-Jun,2042,0.013,0.092,0.069
25-Jun,2042,0.012,0.11,0.081
2-Jul,2042,0.013,0.12,0.11
9-Jul,2042,0.012,0.111,0.094
16-Jul,2042,0.012,0.097,0.125
23-Jul,2042,0.012,0.116,0.116
30-Jul,2042,0.012,0.117,0.109
6-Aug,2042,0.012,0.104,0.103
13-Aug,2042,0.012,0.098,0.098
20-Aug,2042,0.012,0.093,0.095
27-Aug,2042,0.012,0.092,0.1
3-Sep,2042,0.012,0.091,0.097
10-Sep,2042,0.017,0.088,0.095
17-Sep,2042,0.023,0.086,0.09
24-Sep,2042,0.026,0.097,0.125
1-Oct,2042,0.023,0.087,0.097
8-Oct,2042,0.029,0.151,0.152
15-Oct,2042,0.02,0.11,0.11
22-Oct,2042,0.018,0.131,0.105
29-Oct,2042,0.017,0.115,0.097
5-Nov,2042,0.017,0.119,0.092
12-Nov,2042,0.015,0.1,0.087
19-Nov,2042,0.015,0.089,0.084
26-Nov,2042,0.012,0.085,0.081
3-Dec,2042,0.014,0.082,0.079
10-Dec,2042,0.011,0.079,0.078
17-Dec,2042,0.012,0.077,0.076
24-Dec,2042,0.009,0.065,0.065
1-Jan,2043,0.013,0.092,0.085
8-Jan,2043,0.01,0.089,0.083
15-Jan,2043,0.011,0.086,0.082
22-Jan,2043,0.01,0.083,0.08
29-Jan,2043,0.012,0.081,0.079
5-Feb,2043,0.01,0.079,0.078
12-Feb,2043,0.012,0.077,0.077
19-Feb,2043,0.01,0.076,0.076
26-Feb,2043,0.011,0.066,0.072
5-Mar,2043,0.01,0.073,0.074
12-Mar,2043,0.012,0.072,0.073
19-Mar,2043,0.011,0.072,0.073
26-Mar,2043,0.012,0.071,0.072
2-Apr,2043,0.012,0.071,0.071
9-Apr,2043,0.012,0.07,0.071
16-Apr,2043,0.011,0.069,0.07
23-Apr,2043,0.012,0.068,0.069
30-Apr,2043,0.011,0.067,0.068
7-May,2043,0.012,0.066,0.067
14-May,2043,0.012,0.065,0.067
21-May,2043,0.013,0.064,0.066
28-May,2043,0.012,0.064,0.066
4-Jun,2043,0.013,0.065,0.065
11-Jun,2043,0.013,0.065,0.065
18-Jun,2043,0.013,0.092,0.069
25-Jun,2043,0.012,0.11,0.081
2-Jul,2043,0.013,0.12,0.11
9-Jul,2043,0.012,0.111,0.094
16-Jul,2043,0.012,0.097,0.125
23-Jul,2043,0.012,0.116,0.116
30-Jul,2043,0.012,0.117,0.109
6-Aug,2043,0.012,0.104,0.103
13-Aug,2043,0.012,0.098,0.098
20-Aug,2043,0.012,0.093,0.095
27-Aug,2043,0.012,0.092,0.1
3-Sep,2043,0.012,0.091,0.097
10-Sep,2043,0.017,0.088,0.095
17-Sep,2043,0.023,0.086,0.09
24-Sep,2043,0.026,0.097,0.125
1-Oct,2043,0.023,0.087,0.097
8-Oct,2043,0.029,0.151,0.152
15-Oct,2043,0.02,0.11,0.11
22-Oct,2043,0.018,0.131,0.105
29-Oct,2043,0.017,0.115,0.097
5-Nov,2043,0.017,0.119,0.092
12-Nov,2043,0.015,0.1,0.087
19-Nov,2043,0.015,0.089,0.084
26-Nov,2043,0.012,0.085,0.081
3-Dec,2043,0.014,0.082,0.079
10-Dec,2043,0.011,0.079,0.078
17-Dec,2043,0.012,0.077,0.076
24-Dec,2043,0.009,0.065,0.065
1-Jan,2044,0.013,0.092,0.085
8-Jan,2044,0.01,0.089,0.083
15-Jan,2044,0.011,0.086,0.082
22-Jan,2044,0.01,0.083,0.08
29-Jan,2044,0.012,0.081,0.079
5-Feb,2044,0.01,0.079,0.078
12-Feb,2044,0.012,0.077,0.077
19-Feb,2044,0.01,0.076,0.076
26-Feb,2044,0.011,0.066,0.072
5-Mar,2044,0.01,0.073,0.074
12-Mar,2044,0.012,0.072,0.073
19-Mar,2044,0.011,0.072,0.073
26-Mar,2044,0.012,0.071,0.072
2-Apr,2044,0.012,0.071,0.071
9-Apr,2044,0.012,0.07,0.071
16-Apr,2044,0.011,0.069,0.07
23-Apr,2044,0.012,0.068,0.069
30-Apr,2044,0.011,0.067,0.068
7-May,2044,0.012,0.066,0.067
14-May,2044,0.012,0.065,0.067
21-May,2044,0.013,0.064,0.066
28-May,2044,0.012,0.064,0.066
4-Jun,2044,0.013,0.065,0.065
11-Jun,2044,0.013,0.065,0.065
18-Jun,2044,0.013,0.092,0.069
25-Jun,2044,0.012,0.11,0.081
2-Jul,2044,0.013,0.12,0.11
9-Jul,2044,0.012,0.111,0.094
16-Jul,2044,0.012,0.097,0.125
23-Jul,2044,0.012,0.116,0.116
30-Jul,2044,0.012,0.117,0.109
6-Aug,2044,0.012,0.104,0.103
13-Aug,2044,0.012,0.098,0.098
20-Aug,2044,0.012,0.093,0.095
27-Aug,2044,0.012,0.092,0.1
3-Sep,2044,0.012,0.091,0.097
10-Sep,2044,0.017,0.088,0.095
17-Sep,2044,0.023,0.086,0.09
24-Sep,2044,0.026,0.097,0.125
1-Oct,2044,0.023,0.087,0.097
8-Oct,2044,0.029,0.151,0.152
15-Oct,2044,0.02,0.11,0.11
22-Oct,2044,0.018,0.131,0.105
29-Oct,2044,0.017,0.115,0.097
5-Nov,2044,0.017,0.119,0.092
12-Nov,2044,0.015,0.1,0.087
19-Nov,2044,0.015,0.089,0.084
26-Nov,2044,0.012,0.085,0.081
3-Dec,2044,0.014,0.082,0.079
10-Dec,2044,0.011,0.079,0.078
17-Dec,2044,0.012,0.077,0.076
24-Dec,2044,0.009,0.065,0.065
1-Jan,2045,0.013,0.092,0.085
8-Jan,2045,0.01,0.089,0.083
15-Jan,2045,0.011,0.086,0.082
22-Jan,2045,0.01,0.083,0.08
29-Jan,2045,0.012,0.081,0.079
5-Feb,2045,0.01,0.079,0.078
12-Feb,2045,0.012,0.077,0.077
19-Feb,2045,0.01,0.076,0.076
26-Feb,2045,0.011,0.066,0.072
5-Mar,2045,0.01,0.073,0.074
12-Mar,2045,0.012,0.072,0.073
19-Mar,2045,0.011,0.072,0.073
26-Mar,2045,0.012,0.071,0.072
2-Apr,2045,0.012,0.071,0.071
9-Apr,2045,0.012,0.07,0.071
16-Apr,2045,0.011,0.069,0.07
23-Apr,2045,0.012,0.068,0.069
30-Apr,2045,0.011,0.067,0.068
7-May,2045,0.012,0.066,0.067
14-May,2045,0.012,0.065,0.067
21-May,2045,0.013,0.064,0.066
28-May,2045,0.012,0.064,0.066
4-Jun,2045,0.013,0.065,0.065
11-Jun,2045,0.013,0.065,0.065
18-Jun,2045,0.013,0.092,0.069
25-Jun,2045,0.012,0.11,0.081
2-Jul,2045,0.013,0.12,0.11
9-Jul,2045,0.012,0.111,0.094
16-Jul,2045,0.012,0.097,0.125
23-Jul,2045,0.012,0.116,0.116
30-Jul,2045,0.012,0.117,0.109
6-Aug,2045,0.012,0.104,0.103
13-Aug,2045,0.012,0.098,0.098
20-Aug,2045,0.012,0.093,0.095
27-Aug,2045,0.012,0.092,0.1
3-Sep,2045,0.012,0.091,0.097
10-Sep,2045,0.017,0.088,0.095
17-Sep,2045,0.023,0.086,0.09
24-Sep,2045,0.026,0.097,0.125
1-Oct,2045,0.023,0.087,0.097
8-Oct,2045,0.029,0.151,0.152
15-Oct,2045,0.02,0.11,0.11
22-Oct,2045,0.018,0.131,0.105
29-Oct,2045,0.017,0.115,0.097
5-Nov,2045,0.017,0.119,0.092
12-Nov,2045,0.015,0.1,0.087
19-Nov,2045,0.015,0.089,0.084
26-Nov,2045,0.012,0.085,0.081
3-Dec,2045,0.014,0.082,0.079
10-Dec,2045,0.011,0.079,0.078
17-Dec,2045,0.012,0.077,0.076
24-Dec,2045,0.009,0.065,0.065
1-Jan,2046,0.013,0.092,0.085
8-Jan,2046,0.01,0.089,0.083
15-Jan,2046,0.011,0.086,0.082
22-Jan,2046,0.01,0.083,0.08
29-Jan,2046,0.012,0.081,0.079
5-Feb,2046,0.01,0.079,0.078
12-Feb,2046,0.012,0.077,0.077
19-Feb,2046,0.01,0.076,0.076
26-Feb,2046,0.011,0.066,0.072
5-Mar,2046,0.01,0.073,0.074
12-Mar,2046,0.012,0.072,0.073
19-Mar,2046,0.011,0.072,0.073
26-Mar,2046,0.012,0.071,0.072
2-Apr,2046,0.012,0.071,0.071
9-Apr,2046,0.012,0.07,0.071
16-Apr,2046,0.011,0.069,0.07
23-Apr,2046,0.012,0.068,0.069
30-Apr,2046,0.011,0.067,0.068
7-May,2046,0.012,0.066,0.067
14-May,2046,0.012,0.065,0.067
21-May,2046,0.013,0.064,0.066
28-May,2046,0.012,0.064,0.066
4-Jun,2046,0.013,0.065,0.065
11-Jun,2046,0.013,0.065,0.065
18-Jun,2046,0.013,0.092,0.069
25-Jun,2046,0.012,0.11,0.081
2-Jul,2046,0.013,0.12,0.11
9-Jul,2046,0.012,0.111,0.094
16-Jul,2046,0.012,0.097,0.125
23-Jul,2046,0.012,0.116,0.116
30-Jul,2046,0.012,0.117,0.109
6-Aug,2046,0.012,0.104,0.103
13-Aug,2046,0.012,0.098,0.098
20-Aug,2046,0.012,0.093,0.095
27-Aug,2046,0.012,0.092,0.1
3-Sep,2046,0.012,0.091,0.097
10-Sep,2046,0.017,0.088,0.095
17-Sep,2046,0.023,0.086,0.09
24-Sep,2046,0.026,0.097,0.125
1-Oct,2046,0.023,0.087,0.097
8-Oct,2046,0.029,0.151,0.152
15-Oct,2046,0.02,0.11,0.11
22-Oct,2046,0.018,0.131,0.105
29-Oct,2046,0.017,0.115,0.097
5-Nov,2046,0.017,0.119,0.092
12-Nov,2046,0.015,0.1,0.087
19-Nov,2046,0.015,0.089,0.084
26-Nov,2046,0.012,0.085,0.081
3-Dec,2046,0.014,0.082,0.079
10-Dec,2046,0.011,0.079,0.078
17-Dec,2046,0.012,0.077,0.076
24-Dec,2046,0.009,0.065,0.065
1-Jan,2047,0.013,0.092,0.085
8-Jan,2047,0.01,0.089,0.083
15-Jan,2047,0.011,0.086,0.082
22-Jan,2047,0.01,0.083,0.08
29-Jan,2047,0.012,0.081,0.079
5-Feb,2047,0.01,0.079,0.078
12-Feb,2047,0.012,0.077,0.077
19-Feb,2047,0.01,0.076,0.076
26-Feb,2047,0.011,0.066,0.072
5-Mar,2047,0.01,0.073,0.074
12-Mar,2047,0.012,0.072,0.073
19-Mar,2047,0.011,0.072,0.073
26-Mar,2047,0.012,0.071,0.072
2-Apr,2047,0.012,0.071,0.071
9-Apr,2047,0.012,0.07,0.071
16-Apr,2047,0.011,0.069,0.07
23-Apr,2047,0.012,0.068,0.069
30-Apr,2047,0.011,0.067,0.068
7-May,2047,0.012,0.066,0.067
14-May,2047,0.012,0.065,0.067
21-May,2047,0.013,0.064,0.066
28-May,2047,0.012,0.064,0.066
4-Jun,2047,0.013,0.065,0.065
11-Jun,2047,0.013,0.065,0.065
18-Jun,2047,0.013,0.092,0.069
25-Jun,2047,0.012,0.11,0.081
2-Jul,2047,0.013,0.12,0.11
9-Jul,2047,0.012,0.111,0.094
16-Jul,2047,0.012,0.097,0.125
23-Jul,2047,0.012,0.116,0.116
30-Jul,2047,0.012,0.117,0.109
6-Aug,2047,0.012,0.104,0.103
13-Aug,2047,0.012,0.098,0.098
20-Aug,2047,0.012,0.093,0.095
27-Aug,2047,0.012,0.092,0.1
3-Sep,2047,0.012,0.091,0.097
10-Sep,2047,0.017,0.088,0.095
17-Sep,2047,0.023,0.086,0.09
24-Sep,2047,0.026,0.097,0.125
1-Oct,2047,0.023,0.087,0.097
8-Oct,2047,0.029,0.151,0.152
15-Oct,2047,0.02,0.11,0.11
22-Oct,2047,0.018,0.131,0.105
29-Oct,2047,0.017,0.115,0.097
5-Nov,2047,0.017,0.119,0.092
12-Nov,2047,0.015,0.1,0.087
19-Nov,2047,0.015,0.089,0.084
26-Nov,2047,0.012,0.085,0.081
3-Dec,2047,0.014,0.082,0.079
10-Dec,2047,0.011,0.079,0.078
17-Dec,2047,0.012,0.077,0.076
24-Dec,2047,0.009,0.065,0.065
1-Jan,2048,0.013,0.092,0.085
8-Jan,2048,0.01,0.089,0.083
15-Jan,2048,0.011,0.086,0.082
22-Jan,2048,0.01,0.083,0.08
29-Jan,2048,0.012,0.081,0.079
5-Feb,2048,0.01,0.079,0.078
12-Feb,2048,0.012,0.077,0.077
19-Feb,2048,0.01,0.076,0.076
26-Feb,2048,0.011,0.066,0.072
5-Mar,2048,0.01,0.073,0.074
12-Mar,2048,0.012,0.072,0.073
19-Mar,2048,0.011,0.072,0.073
26-Mar,2048,0.012,0.071,0.072
2-Apr,2048,0.012,0.071,0.071
9-Apr,2048,0.012,0.07,0.071
16-Apr,2048,0.011,0.069,0.07
23-Apr,2048,0.012,0.068,0.069
30-Apr,2048,0.011,0.067,0.068
7-May,2048,0.012,0.066,0.067
14-May,2048,0.012,0.065,0.067
21-May,2048,0.013,0.064,0.066
28-May,2048,0.012,0.064,0.066
4-Jun,2048,0.013,0.065,0.065
11-Jun,2048,0.013,0.065,0.065
18-Jun,2048,0.013,0.092,0.069
25-Jun,2048,0.012,0.11,0.081
2-Jul,2048,0.013,0.12,0.11
9-Jul,2048,0.012,0.111,0.094
16-Jul,2048,0.012,0.097,0.125
23-Jul,2048,0.012,0.116,0.116
30-Jul,2048,0.012,0.117,0.109
6-Aug,2048,0.012,0.104,0.103
13-Aug,2048,0.012,0.098,0.098
20-Aug,2048,0.012,0.093,0.095
27-Aug,2048,0.012,0.092,0.1
3-Sep,2048,0.012,0.091,0.097
10-Sep,2048,0.017,0.088,0.095
17-Sep,2048,0.023,0.086,0.09
24-Sep,2048,0.026,0.097,0.125
1-Oct,2048,0.023,0.087,0.097
8-Oct,2048,0.029,0.151,0.152
15-Oct,2048,0.02,0.11,0.11
22-Oct,2048,0.018,0.131,0.105
29-Oct,2048,0.017,0.115,0.097
5-Nov,2048,0.017,0.119,0.092
12-Nov,2048,0.015,0.1,0.087
19-Nov,2048,0.015,0.089,0.084
26-Nov,2048,0.012,0.085,0.081
3-Dec,2048,0.014,0.082,0.079
10-Dec,2048,0.011,0.079,0.078
17-Dec,2048,0.012,0.077,0.076
24-Dec,2048,0.009,0.065,0.065
1-Jan,2049,0.013,0.092,0.085
8-Jan,2049,0.01,0.089,0.083
15-Jan,2049,0.011,0.086,0.082
22-Jan,2049,0.01,0.083,0.08
29-Jan,2049,0.012,0.081,0.079
5-Feb,2049,0.01,0.079,0.078
12-Feb,2049,0.012,0.077,0.077
19-Feb,2049,0.01,0.076,0.076
26-Feb,2049,0.011,0.066,0.072
5-Mar,2049,0.01,0.073,0.074
12-Mar,2049,0.012,0.072,0.073
19-Mar,2049,0.011,0.072,0.073
26-Mar,2049,0.012,0.071,0.072
2-Apr,2049,0.012,0.071,0.071
9-Apr,2049,0.012,0.07,0.071
16-Apr,2049,0.011,0.069,0.07
23-Apr,2049,0.012,0.068,0.069
30-Apr,2049,0.011,0.067,0.068
7-May,2049,0.012,0.066,0.067
14-May,2049,0.012,0.065,0.067
21-May,2049,0.013,0.064,0.066
28-May,2049,0.012,0.064,0.066
4-Jun,2049,0.013,0.065,0.065
11-Jun,2049,0.013,0.065,0.065
18-Jun,2049,0.013,0.092,0.069
25-Jun,2049,0.012,0.11,0.081
2-Jul,2049,0.013,0.12,0.11
9-Jul,2049,0.012,0.111,0.094
16-Jul,2049,0.012,0.097,0.125
23-Jul,2049,0.012,0.116,0.116
30-Jul,2049,0.012,0.117,0.109
6-Aug,2049,0.012,0.104,0.103
13-Aug,2049,0.012,0.098,0.098
20-Aug,2049,0.012,0.093,0.095
27-Aug,2049,0.012,0.092,0.1
3-Sep,2049,0.012,0.091,0.097
10-Sep,2049,0.017,0.088,0.095
17-Sep,2049,0.023,0.086,0.09
24-Sep,2049,0.026,0.097,0.125
1-Oct,2049,0.023,0.087,0.097
8-Oct,2049,0.029,0.151,0.152
15-Oct,2049,0.02,0.11,0.11
22-Oct,2049,0.018,0.131,0.105
29-Oct,2049,0.017,0.115,0.097
5-Nov,2049,0.017,0.119,0.092
12-Nov,2049,0.015,0.1,0.087
19-Nov,2049,0.015,0.089,0.084
26-Nov,2049,0.012,0.085,0.081
3-Dec,2049,0.014,0.082,0.079
10-Dec,2049,0.011,0.079,0.078
17-Dec,2049,0.012,0.077,0.076
24-Dec,2049,0.009,0.065,0.065
1-Jan,2050,0.013,0.092,0.085
8-Jan,2050,0.01,0.089,0.083
15-Jan,2050,0.011,0.086,0.082
22-Jan,2050,0.01,0.083,0.08
29-Jan,2050,0.012,0.081,0.079
5-Feb,2050,0.01,0.079,0.078
12-Feb,2050,0.012,0.077,0.077
19-Feb,2050,0.01,0.076,0.076
26-Feb,2050,0.011,0.066,0.072
5-Mar,2050,0.01,0.073,0.074
12-Mar,2050,0.012,0.072,0.073
19-Mar,2050,0.011,0.072,0.073
26-Mar,2050,0.012,0.071,0.072
2-Apr,2050,0.012,0.071,0.071
9-Apr,2050,0.012,0.07,0.071
16-Apr,2050,0.011,0.069,0.07
23-Apr,2050,0.012,0.068,0.069
30-Apr,2050,0.011,0.067,0.068
7-May,2050,0.012,0.066,0.067
14-May,2050,0.012,0.065,0.067
21-May,2050,0.013,0.064,0.066
28-May,2050,0.012,0.064,0.066
4-Jun,2050,0.013,0.065,0.065
11-Jun,2050,0.013,0.065,0.065
18-Jun,2050,0.013,0.092,0.069
25-Jun,2050,0.012,0.11,0.081
2-Jul,2050,0.013,0.12,0.11
9-Jul,2050,0.012,0.111,0.094
16-Jul,2050,0.012,0.097,0.125
23-Jul,2050,0.012,0.116,0.116
30-Jul,2050,0.012,0.117,0.109
6-Aug,2050,0.012,0.104,0.103
13-Aug,2050,0.012,0.098,0.098
20-Aug,2050,0.012,0.093,0.095
27-Aug,2050,0.012,0.092,0.1
3-Sep,2050,0.012,0.091,0.097
10-Sep,2050,0.017,0.088,0.095
17-Sep,2050,0.023,0.086,0.09
24-Sep,2050,0.026,0.097,0.125
1-Oct,2050,0.023,0.087,0.097
8-Oct,2050,0.029,0.151,0.152
15-Oct,2050,0.02,0.11,0.11
22-Oct,2050,0.018,0.131,0.105
29-Oct,2050,0.017,0.115,0.097
5-Nov,2050,0.017,0.119,0.092
12-Nov,2050,0.015,0.1,0.087
19-Nov,2050,0.015,0.089,0.084
26-Nov,2050,0.012,0.085,0.081
3-Dec,2050,0.014,0.082,0.079
10-Dec,2050,0.011,0.079,0.078
17-Dec,2050,0.012,0.077,0.076
24-Dec,2050,0.009,0.065,0.065
1-Jan,2051,0.013,0.092,0.085
8-Jan,2051,0.01,0.089,0.083
15-Jan,2051,0.011,0.086,0.082
22-Jan,2051,0.01,0.083,0.08
29-Jan,2051,0.012,0.081,0.079
5-Feb,2051,0.01,0.079,0.078
12-Feb,2051,0.012,0.077,0.077
19-Feb,2051,0.01,0.076,0.076
26-Feb,2051,0.011,0.066,0.072
5-Mar,2051,0.01,0.073,0.074
12-Mar,2051,0.012,0.072,0.073
19-Mar,2051,0.011,0.072,0.073
26-Mar,2051,0.012,0.071,0.072
2-Apr,2051,0.012,0.071,0.071
9-Apr,2051,0.012,0.07,0.071
16-Apr,2051,0.011,0.069,0.07
23-Apr,2051,0.012,0.068,0.069
30-Apr,2051,0.011,0.067,0.068
7-May,2051,0.012,0.066,0.067
14-May,2051,0.012,0.065,0.067
21-May,2051,0.013,0.064,0.066
28-May,2051,0.012,0.064,0.066
4-Jun,2051,0.013,0.065,0.065
11-Jun,2051,0.013,0.065,0.065
18-Jun,2051,0.013,0.092,0.069
25-Jun,2051,0.012,0.11,0.081
2-Jul,2051,0.013,0.12,0.11
9-Jul,2051,0.012,0.111,0.094
16-Jul,2051,0.012,0.097,0.125
23-Jul,2051,0.012,0.116,0.116
30-Jul,2051,0.012,0.117,0.109
6-Aug,2051,0.012,0.104,0.103
13-Aug,2051,0.012,0.098,0.098
20-Aug,2051,0.012,0.093,0.095
27-Aug,2051,0.012,0.092,0.1
3-Sep,2051,0.012,0.091,0.097
10-Sep,2051,0.017,0.088,0.095
17-Sep,2051,0.023,0.086,0.09
24-Sep,2051,0.026,0.097,0.125
1-Oct,2051,0.023,0.087,0.097
8-Oct,2051,0.029,0.151,0.152
15-Oct,2051,0.02,0.11,0.11
22-Oct,2051,0.018,0.131,0.105
29-Oct,2051,0.017,0.115,0.097
5-Nov,2051,0.017,0.119,0.092
12-Nov,2051,0.015,0.1,0.087
19-Nov,2051,0.015,0.089,0.084
26-Nov,2051,0.012,0.085,0.081
3-Dec,2051,0.014,0.082,0.079
10-Dec,2051,0.011,0.079,0.078
17-Dec,2051,0.012,0.077,0.076
24-Dec,2051,0.009,0.065,0.065
1-Jan,2052,0.013,0.092,0.085
8-Jan,2052,0.01,0.089,0.083
15-Jan,2052,0.011,0.086,0.082
22-Jan,2052,0.01,0.083,0.08
29-Jan,2052,0.012,0.081,0.079
5-Feb,2052,0.01,0.079,0.078
12-Feb,2052,0.012,0.077,0.077
19-Feb,2052,0.01,0.076,0.076
26-Feb,2052,0.011,0.066,0.072
5-Mar,2052,0.01,0.073,0.074
12-Mar,2052,0.012,0.072,0.073
19-Mar,2052,0.011,0.072,0.073
26-Mar,2052,0.012,0.071,0.072
2-Apr,2052,0.012,0.071,0.071
9-Apr,2052,0.012,0.07,0.071
16-Apr,2052,0.011,0.069,0.07
23-Apr,2052,0.012,0.068,0.069
30-Apr,2052,0.011,0.067,0.068
7-May,2052,0.012,0.066,0.067
14-May,2052,0.012,0.065,0.067
21-May,2052,0.013,0.064,0.066
28-May,2052,0.012,0.064,0.066
4-Jun,2052,0.013,0.065,0.065
11-Jun,2052,0.013,0.065,0.065
18-Jun,2052,0.013,0.092,0.069
25-Jun,2052,0.012,0.11,0.081
2-Jul,2052,0.013,0.12,0.11
9-Jul,2052,0.012,0.111,0.094
16-Jul,2052,0.012,0.097,0.125
23-Jul,2052,0.012,0.116,0.116
30-Jul,2052,0.012,0.117,0.109
6-Aug,2052,0.012,0.104,0.103
13-Aug,2052,0.012,0.098,0.098
20-Aug,2052,0.012,0.093,0.095
27-Aug,2052,0.012,0.092,0.1
3-Sep,2052,0.012,0.091,0.097
10-Sep,2052,0.017,0.088,0.095
17-Sep,2052,0.023,0.086,0.09
24-Sep,2052,0.026,0.097,0.125
1-Oct,2052,0.023,0.087,0.097
8-Oct,2052,0.029,0.151,0.152
15-Oct,2052,0.02,0.11,0.11
22-Oct,2052,0.018,0.131,0.105
29-Oct,2052,0.017,0.115,0.097
5-Nov,2052,0.017,0.119,0.092
12-Nov,2052,0.015,0.1,0.087
19-Nov,2052,0.015,0.089,0.084
26-Nov,2052,0.012,0.085,0.081
3-Dec,2052,0.014,0.082,0.079
10-Dec,2052,0.011,0.079,0.078
17-Dec,2052,0.012,0.077,0.076
24-Dec,2052,0.009,0.065,0.065
1-Jan,2053,0.013,0.092,0.085
8-Jan,2053,0.01,0.089,0.083
15-Jan,2053,0.011,0.086,0.082
22-Jan,2053,0.01,0.083,0.08
29-Jan,2053,0.012,0.081,0.079
5-Feb,2053,0.01,0.079,0.078
12-Feb,2053,0.012,0.077,0.077
19-Feb,2053,0.01,0.076,0.076
26-Feb,2053,0.011,0.066,0.072
5-Mar,2053,0.01,0.073,0.074
12-Mar,2053,0.012,0.072,0.073
19-Mar,2053,0.011,0.072,0.073
26-Mar,2053,0.012,0.071,0.072
2-Apr,2053,0.012,0.071,0.071
9-Apr,2053,0.012,0.07,0.071
16-Apr,2053,0.011,0.069,0.07
23-Apr,2053,0.012,0.068,0.069
30-Apr,2053,0.011,0.067,0.068
7-May,2053,0.012,0.066,0.067
14-May,2053,0.012,0.065,0.067
21-May,2053,0.013,0.064,0.066
28-May,2053,0.012,0.064,0.066
4-Jun,2053,0.013,0.065,0.065
11-Jun,2053,0.013,0.065,0.065
18-Jun,2053,0.013,0.092,0.069
25-Jun,2053,0.012,0.11,0.081
2-Jul,2053,0.013,0.12,0.11
9-Jul,2053,0.012,0.111,0.094
16-Jul,2053,0.012,0.097,0.125
23-Jul,2053,0.012,0.116,0.116
30-Jul,2053,0.012,0.117,0.109
6-Aug,2053,0.012,0.104,0.103
13-Aug,2053,0.012,0.098,0.098
20-Aug,2053,0.012,0.093,0.095
27-Aug,2053,0.012,0.092,0.1
3-Sep,2053,0.012,0.091,0.097
10-Sep,2053,0.017,0.088,0.095
17-Sep,2053,0.023,0.086,0.09
24-Sep,2053,0.026,0.097,0.125
1-Oct,2053,0.023,0.087,0.097
8-Oct,2053,0.029,0.151,0.152
15-Oct,2053,0.02,0.11,0.11
22-Oct,2053,0.018,0.131,0.105
29-Oct,2053,0.017,0.115,0.097
5-Nov,2053,0.017,0.119,0.092
12-Nov,2053,0.015,0.1,0.087
19-Nov,2053,0.015,0.089,0.084
26-Nov,2053,0.012,0.085,0.081
3-Dec,2053,0.014,0.082,0.079
10-Dec,2053,0.011,0.079,0.078
17-Dec,2053,0.012,0.077,0.076
24-Dec,2053,0.009,0.065,0.065
1-Jan,2054,0.013,0.092,0.085
8-Jan,2054,0.01,0.089,0.083
15-Jan,2054,0.011,0.086,0.082
22-Jan,2054,0.01,0.083,0.08
29-Jan,2054,0.012,0.081,0.079
5-Feb,2054,0.01,0.079,0.078
12-Feb,2054,0.012,0.077,0.077
19-Feb,2054,0.01,0.076,0.076
26-Feb,2054,0.011,0.066,0.072
5-Mar,2054,0.01,0.073,0.074
12-Mar,2054,0.012,0.072,0.073
19-Mar,2054,0.011,0.072,0.073
26-Mar,2054,0.012,0.071,0.072
2-Apr,2054,0.012,0.071,0.071
9-Apr,2054,0.012,0.07,0.071
16-Apr,2054,0.011,0.069,0.07
23-Apr,2054,0.012,0.068,0.069
30-Apr,2054,0.011,0.067,0.068
7-May,2054,0.012,0.066,0.067
14-May,2054,0.012,0.065,0.067
21-May,2054,0.013,0.064,0.066
28-May,2054,0.012,0.064,0.066
4-Jun,2054,0.013,0.065,0.065
11-Jun,2054,0.013,0.065,0.065
18-Jun,2054,0.013,0.092,0.069
25-Jun,2054,0.012,0.11,0.081
2-Jul,2054,0.013,0.12,0.11
9-Jul,2054,0.012,0.111,0.094
16-Jul,2054,0.012,0.097,0.125
23-Jul,2054,0.012,0.116,0.116
30-Jul,2054,0.012,0.117,0.109
6-Aug,2054,0.012,0.104,0.103
13-Aug,2054,0.012,0.098,0.098
20-Aug,2054,0.012,0.093,0.095
27-Aug,2054,0.012,0.092,0.1
3-Sep,2054,0.012,0.091,0.097
10-Sep,2054,0.017,0.088,0.095
17-Sep,2054,0.023,0.086,0.09
24-Sep,2054,0.026,0.097,0.125
1-Oct,2054,0.023,0.087,0.097
8-Oct,2054,0.029,0.151,0.152
15-Oct,2054,0.02,0.11,0.11
22-Oct,2054,0.018,0.131,0.105
29-Oct,2054,0.017,0.115,0.097
5-Nov,2054,0.017,0.119,0.092
12-Nov,2054,0.015,0.1,0.087
19-Nov,2054,0.015,0.089,0.084
26-Nov,2054,0.012,0.085,0.081
3-Dec,2054,0.014,0.082,0.079
10-Dec,2054,0.011,0.079,0.078
17-Dec,2054,0.012,0.077,0.076
24-Dec,2054,0.009,0.065,0.065
1-Jan,2055,0.013,0.092,0.085
8-Jan,2055,0.01,0.089,0.083
15-Jan,2055,0.011,0.086,0.082
22-Jan,2055,0.01,0.083,0.08
29-Jan,2055,0.012,0.081,0.079
5-Feb,2055,0.01,0.079,0.078
12-Feb,2055,0.012,0.077,0.077
19-Feb,2055,0.01,0.076,0.076
26-Feb,2055,0.011,0.066,0.072
5-Mar,2055,0.01,0.073,0.074
12-Mar,2055,0.012,0.072,0.073
19-Mar,2055,0.011,0.072,0.073
26-Mar,2055,0.012,0.071,0.072
2-Apr,2055,0.012,0.071,0.071
9-Apr,2055,0.012,0.07,0.071
16-Apr,2055,0.011,0.069,0.07
23-Apr,2055,0.012,0.068,0.069
30-Apr,2055,0.011,0.067,0.068
7-May,2055,0.012,0.066,0.067
14-May,2055,0.012,0.065,0.067
21-May,2055,0.013,0.064,0.066
28-May,2055,0.012,0.064,0.066
4-Jun,2055,0.013,0.065,0.065
11-Jun,2055,0.013,0.065,0.065
18-Jun,2055,0.013,0.092,0.069
25-Jun,2055,0.012,0.11,0.081
2-Jul,2055,0.013,0.12,0.11
9-Jul,2055,0.012,0.111,0.094
16-Jul,2055,0.012,0.097,0.125
23-Jul,2055,0.012,0.116,0.116
30-Jul,2055,0.012,0.117,0.109
6-Aug,2055,0.012,0.104,0.103
13-Aug,2055,0.012,0.098,0.098
20-Aug,2055,0.012,0.093,0.095
27-Aug,2055,0.012,0.092,0.1
3-Sep,2055,0.012,0.091,0.097
10-Sep,2055,0.017,0.088,0.095
17-Sep,2055,0.023,0.086,0.09
24-Sep,2055,0.026,0.097,0.125
1-Oct,2055,0.023,0.087,0.097
8-Oct,2055,0.029,0.151,0.152
15-Oct,2055,0.02,0.11,0.11
22-Oct,2055,0.018,0.131,0.105
29-Oct,2055,0.017,0.115,0.097
5-Nov,2055,0.017,0.119,0.092
12-Nov,2055,0.015,0.1,0.087
19-Nov,2055,0.015,0.089,0.084
26-Nov,2055,0.012,0.085,0.081
3-Dec,2055,0.014,0.082,0.079
10-Dec,2055,0.011,0.079,0.078
17-Dec,2055,0.012,0.077,0.076
24-Dec,2055,0.009,0.065,0.065
1-Jan,2056,0.013,0.092,0.085
8-Jan,2056,0.01,0.089,0.083
15-Jan,2056,0.011,0.086,0.082
22-Jan,2056,0.01,0.083,0.08
29-Jan,2056,0.012,0.081,0.079
5-Feb,2056,0.01,0.079,0.078
12-Feb,2056,0.012,0.077,0.077
19-Feb,2056,0.01,0.076,0.076
26-Feb,2056,0.011,0.066,0.072
5-Mar,2056,0.01,0.073,0.074
12-Mar,2056,0.012,0.072,0.073
19-Mar,2056,0.011,0.072,0.073
26-Mar,2056,0.012,0.071,0.072
2-Apr,2056,0.012,0.071,0.071
9-Apr,2056,0.012,0.07,0.071
16-Apr,2056,0.011,0.069,0.07
23-Apr,2056,0.012,0.068,0.069
30-Apr,2056,0.011,0.067,0.068
7-May,2056,0.012,0.066,0.067
14-May,2056,0.012,0.065,0.067
21-May,2056,0.013,0.064,0.066
28-May,2056,0.012,0.064,0.066
4-Jun,2056,0.013,0.065,0.065
11-Jun,2056,0.013,0.065,0.065
18-Jun,2056,0.013,0.092,0.069
25-Jun,2056,0.012,0.11,0.081
2-Jul,2056,0.013,0.12,0.11
9-Jul,2056,0.012,0.111,0.094
16-Jul,2056,0.012,0.097,0.125
23-Jul,2056,0.012,0.116,0.116
30-Jul,2056,0.012,0.117,0.109
6-Aug,2056,0.012,0.104,0.103
13-Aug,2056,0.012,0.098,0.098
20-Aug,2056,0.012,0.093,0.095
27-Aug,2056,0.012,0.092,0.1
3-Sep,2056,0.012,0.091,0.097
10-Sep,2056,0.017,0.088,0.095
17-Sep,2056,0.023,0.086,0.09
24-Sep,2056,0.026,0.097,0.125
1-Oct,2056,0.023,0.087,0.097
8-Oct,2056,0.029,0.151,0.152
15-Oct,2056,0.02,0.11,0.11
22-Oct,2056,0.018,0.131,0.105
29-Oct,2056,0.017,0.115,0.097
5-Nov,2056,0.017,0.119,0.092
12-Nov,2056,0.015,0.1,0.087
19-Nov,2056,0.015,0.089,0.084
26-Nov,2056,0.012,0.085,0.081
3-Dec,2056,0.014,0.082,0.079
10-Dec,2056,0.011,0.079,0.078
17-Dec,2056,0.012,0.077,0.076
24-Dec,2056,0.009,0.065,0.065
1-Jan,2057,0.013,0.092,0.085
8-Jan,2057,0.01,0.089,0.083
15-Jan,2057,0.011,0.086,0.082
22-Jan,2057,0.01,0.083,0.08
29-Jan,2057,0.012,0.081,0.079
5-Feb,2057,0.01,0.079,0.078
12-Feb,2057,0.012,0.077,0.077
19-Feb,2057,0.01,0.076,0.076
26-Feb,2057,0.011,0.066,0.072
5-Mar,2057,0.01,0.073,0.074
12-Mar,2057,0.012,0.072,0.073
19-Mar,2057,0.011,0.072,0.073
26-Mar,2057,0.012,0.071,0.072
2-Apr,2057,0.012,0.071,0.071
9-Apr,2057,0.012,0.07,0.071
16-Apr,2057,0.011,0.069,0.07
23-Apr,2057,0.012,0.068,0.069
30-Apr,2057,0.011,0.067,0.068
7-May,2057,0.012,0.066,0.067
14-May,2057,0.012,0.065,0.067
21-May,2057,0.013,0.064,0.066
28-May,2057,0.012,0.064,0.066
4-Jun,2057,0.013,0.065,0.065
11-Jun,2057,0.013,0.065,0.065
18-Jun,2057,0.013,0.092,0.069
25-Jun,2057,0.012,0.11,0.081
2-Jul,2057,0.013,0.12,0.11
9-Jul,2057,0.012,0.111,0.094
16-Jul,2057,0.012,0.097,0.125
23-Jul,2057,0.012,0.116,0.116
30-Jul,2057,0.012,0.117,0.109
6-Aug,2057,0.012,0.104,0.103
13-Aug,2057,0.012,0.098,0.098
20-Aug,2057,0.012,0.093,0.095
27-Aug,2057,0.012,0.092,0.1
3-Sep,2057,0.012,0.091,0.097
10-Sep,2057,0.017,0.088,0.095
17-Sep,2057,0.023,0.086,0.09
24-Sep,2057,0.026,0.097,0.125
1-Oct,2057,0.023,0.087,0.097
8-Oct,2057,0.029,0.151,0.152
15-Oct,2057,0.02,0.11,0.11
22-Oct,2057,0.018,0.131,0.105
29-Oct,2057,0.017,0.115,0.097
5-Nov,2057,0.017,0.119,0.092
12-Nov,2057,0.015,0.1,0.087
19-Nov,2057,0.015,0.089,0.084
26-Nov,2057,0.012,0.085,0.081
3-Dec,2057,0.014,0.082,0.079
10-Dec,2057,0.011,0.079,0.078
17-Dec,2057,0.012,0.077,0.076
24-Dec,2057,0.009,0.065,0.065
1-Jan,2058,0.013,0.092,0.085
8-Jan,2058,0.01,0.089,0.083
15-Jan,2058,0.011,0.086,0.082
22-Jan,2058,0.01,0.083,0.08
29-Jan,2058,0.012,0.081,0.079
5-Feb,2058,0.01,0.079,0.078
12-Feb,2058,0.012,0.077,0.077
19-Feb,2058,0.01,0.076,0.076
26-Feb,2058,0.011,0.066,0.072
5-Mar,2058,0.01,0.073,0.074
12-Mar,2058,0.012,0.072,0.073
19-Mar,2058,0.011,0.072,0.073
26-Mar,2058,0.012,0.071,0.072
2-Apr,2058,0.012,0.071,0.071
9-Apr,2058,0.012,0.07,0.071
16-Apr,2058,0.011,0.069,0.07
23-Apr,2058,0.012,0.068,0.069
30-Apr,2058,0.011,0.067,0.068
7-May,2058,0.012,0.066,0.067
14-May,2058,0.012,0.065,0.067
21-May,2058,0.013,0.064,0.066
28-May,2058,0.012,0.064,0.066
4-Jun,2058,0.013,0.065,0.065
11-Jun,2058,0.013,0.065,0.065
18-Jun,2058,0.013,0.092,0.069
25-Jun,2058,0.012,0.11,0.081
2-Jul,2058,0.013,0.12,0.11
9-Jul,2058,0.012,0.111,0.094
16-Jul,2058,0.012,0.097,0.125
23-Jul,2058,0.012,0.116,0.116
30-Jul,2058,0.012,0.117,0.109
6-Aug,2058,0.012,0.104,0.103
13-Aug,2058,0.012,0.098,0.098
20-Aug,2058,0.012,0.093,0.095
27-Aug,2058,0.012,0.092,0.1
3-Sep,2058,0.012,0.091,0.097
10-Sep,2058,0.017,0.088,0.095
17-Sep,2058,0.023,0.086,0.09
24-Sep,2058,0.026,0.097,0.125
1-Oct,2058,0.023,0.087,0.097
8-Oct,2058,0.029,0.151,0.152
15-Oct,2058,0.02,0.11,0.11
22-Oct,2058,0.018,0.131,0.105
29-Oct,2058,0.017,0.115,0.097
5-Nov,2058,0.017,0.119,0.092
12-Nov,2058,0.015,0.1,0.087
19-Nov,2058,0.015,0.089,0.084
26-Nov,2058,0.012,0.085,0.081
3-Dec,2058,0.014,0.082,0.079
10-Dec,2058,0.011,0.079,0.078
17-Dec,2058,0.012,0.077,0.076
24-Dec,2058,0.009,0.065,0.065
1-Jan,2059,0.013,0.092,0.085
8-Jan,2059,0.01,0.089,0.083
15-Jan,2059,0.011,0.086,0.082
22-Jan,2059,0.01,0.083,0.08
29-Jan,2059,0.012,0.081,0.079
5-Feb,2059,0.01,0.079,0.078
12-Feb,2059,0.012,0.077,0.077
19-Feb,2059,0.01,0.076,0.076
26-Feb,2059,0.011,0.066,0.072
5-Mar,2059,0.01,0.073,0.074
12-Mar,2059,0.012,0.072,0.073
19-Mar,2059,0.011,0.072,0.073
26-Mar,2059,0.012,0.071,0.072
2-Apr,2059,0.012,0.071,0.071
9-Apr,2059,0.012,0.07,0.071
16-Apr,2059,0.011,0.069,0.07
23-Apr,2059,0.012,0.068,0.069
30-Apr,2059,0.011,0.067,0.068
7-May,2059,0.012,0.066,0.067
14-May,2059,0.012,0.065,0.067
21-May,2059,0.013,0.064,0.066
28-May,2059,0.012,0.064,0.066
4-Jun,2059,0.013,0.065,0.065
11-Jun,2059,0.013,0.065,0.065
18-Jun,2059,0.013,0.092,0.069
25-Jun,2059,0.012,0.11,0.081
2-Jul,2059,0.013,0.12,0.11
9-Jul,2059,0.012,0.111,0.094
16-Jul,2059,0.012,0.097,0.125
23-Jul,2059,0.012,0.116,0.116
30-Jul,2059,0.012,0.117,0.109
6-Aug,2059,0.012,0.104,0.103
13-Aug,2059,0.012,0.098,0.098
20-Aug,2059,0.012,0.093,0.095
27-Aug,2059,0.012,0.092,0.1
3-Sep,2059,0.012,0.091,0.097
10-Sep,2059,0.017,0.088,0.095
17-Sep,2059,0.023,0.086,0.09
24-Sep,2059,0.026,0.097,0.125
1-Oct,2059,0.023,0.087,0.097
8-Oct,2059,0.029,0.151,0.152
15-Oct,2059,0.02,0.11,0.11
22-Oct,2059,0.018,0.131,0.105
29-Oct,2059,0.017,0.115,0.097
5-Nov,2059,0.017,0.119,0.092
12-Nov,2059,0.015,0.1,0.087
19-Nov,2059,0.015,0.089,0.084
26-Nov,2059,0.012,0.085,0.081
3-Dec,2059,0.014,0.082,0.079
10-Dec,2059,0.011,0.079,0.078
17-Dec,2059,0.012,0.077,0.076
24-Dec,2059,0.009,0.065,0.065
1-Jan,2060,0.013,0.092,0.085
8-Jan,2060,0.01,0.089,0.083
15-Jan,2060,0.011,0.086,0.082
22-Jan,2060,0.01,0.083,0.08
29-Jan,2060,0.012,0.081,0.079
5-Feb,2060,0.01,0.079,0.078
12-Feb,2060,0.012,0.077,0.077
19-Feb,2060,0.01,0.076,0.076
26-Feb,2060,0.011,0.066,0.072
5-Mar,2060,0.01,0.073,0.074
12-Mar,2060,0.012,0.072,0.073
19-Mar,2060,0.011,0.072,0.073
26-Mar,2060,0.012,0.071,0.072
2-Apr,2060,0.012,0.071,0.071
9-Apr,2060,0.012,0.07,0.071
16-Apr,2060,0.011,0.069,0.07
23-Apr,2060,0.012,0.068,0.069
30-Apr,2060,0.011,0.067,0.068
7-May,2060,0.012,0.066,0.067
14-May,2060,0.012,0.065,0.067
21-May,2060,0.013,0.064,0.066
28-May,2060,0.012,0.064,0.066
4-Jun,2060,0.013,0.065,0.065
11-Jun,2060,0.013,0.065,0.065
18-Jun,2060,0.013,0.092,0.069
25-Jun,2060,0.012,0.11,0.081
2-Jul,2060,0.013,0.12,0.11
9-Jul,2060,0.012,0.111,0.094
16-Jul,2060,0.012,0.097,0.125
23-Jul,2060,0.012,0.116,0.116
30-Jul,2060,0.012,0.117,0.109
6-Aug,2060,0.012,0.104,0.103
13-Aug,2060,0.012,0.098,0.098
20-Aug,2060,0.012,0.093,0.095
27-Aug,2060,0.012,0.092,0.1
3-Sep,2060,0.012,0.091,0.097
10-Sep,2060,0.017,0.088,0.095
17-Sep,2060,0.023,0.086,0.09
24-Sep,2060,0.026,0.097,0.125
1-Oct,2060,0.023,0.087,0.097
8-Oct,2060,0.029,0.151,0.152
15-Oct,2060,0.02,0.11,0.11
22-Oct,2060,0.018,0.131,0.105
29-Oct,2060,0.017,0.115,0.097
5-Nov,2060,0.017,0.119,0.092
12-Nov,2060,0.015,0.1,0.087
19-Nov,2060,0.015,0.089,0.084
26-Nov,2060,0.012,0.085,0.081
3-Dec,2060,0.014,0.082,0.079
10-Dec,2060,0.011,0.079,0.078
17-Dec,2060,0.012,0.077,0.076
24-Dec,2060,0.009,0.065,0.065
